tract_geoid,state_fips,county_fips,tract,borough,census_name,population,median_household_income,median_age,employed_population,median_gross_rent,acs_year,acs_product
36005000100,36,005,000100,Bronx,Census Tract 1; Bronx County; New York,2950.0,,35.4,0.0,,2024,ACS 5-Year
36005000200,36,005,000200,Bronx,Census Tract 2; Bronx County; New York,5061.0,123729.0,39.2,2433.0,2083.0,2024,ACS 5-Year
36005000400,36,005,000400,Bronx,Census Tract 4; Bronx County; New York,6649.0,105924.0,34.9,3044.0,2081.0,2024,ACS 5-Year
36005001600,36,005,001600,Bronx,Census Tract 16; Bronx County; New York,5611.0,52147.0,45.5,2533.0,1360.0,2024,ACS 5-Year
36005001901,36,005,001901,Bronx,Census Tract 19.01; Bronx County; New York,2260.0,58083.0,35.7,1267.0,2008.0,2024,ACS 5-Year
36005001902,36,005,001902,Bronx,Census Tract 19.02; Bronx County; New York,2079.0,48953.0,39.3,961.0,2041.0,2024,ACS 5-Year
36005001903,36,005,001903,Bronx,Census Tract 19.03; Bronx County; New York,0.0,,,0.0,,2024,ACS 5-Year
36005001904,36,005,001904,Bronx,Census Tract 19.04; Bronx County; New York,0.0,,,0.0,,2024,ACS 5-Year
36005002001,36,005,002001,Bronx,Census Tract 20.01; Bronx County; New York,4199.0,22311.0,34.1,1041.0,542.0,2024,ACS 5-Year
36005002002,36,005,002002,Bronx,Census Tract 20.02; Bronx County; New York,3609.0,18649.0,47.5,1272.0,353.0,2024,ACS 5-Year
36005002300,36,005,002300,Bronx,Census Tract 23; Bronx County; New York,4567.0,16332.0,30.8,993.0,653.0,2024,ACS 5-Year
36005002400,36,005,002400,Bronx,Census Tract 24; Bronx County; New York,105.0,,37.1,43.0,,2024,ACS 5-Year
36005002500,36,005,002500,Bronx,Census Tract 25; Bronx County; New York,5117.0,35582.0,32.1,1865.0,1158.0,2024,ACS 5-Year
36005002701,36,005,002701,Bronx,Census Tract 27.01; Bronx County; New York,3111.0,20266.0,33.5,784.0,591.0,2024,ACS 5-Year
36005002702,36,005,002702,Bronx,Census Tract 27.02; Bronx County; New York,4798.0,30895.0,33.5,1459.0,1228.0,2024,ACS 5-Year
36005002800,36,005,002800,Bronx,Census Tract 28; Bronx County; New York,5462.0,58068.0,37.8,2673.0,1140.0,2024,ACS 5-Year
36005003100,36,005,003100,Bronx,Census Tract 31; Bronx County; New York,2788.0,59297.0,30.0,1305.0,1629.0,2024,ACS 5-Year
36005003300,36,005,003300,Bronx,Census Tract 33; Bronx County; New York,3577.0,31289.0,35.6,1176.0,1328.0,2024,ACS 5-Year
36005003500,36,005,003500,Bronx,Census Tract 35; Bronx County; New York,3481.0,36569.0,33.7,1020.0,1283.0,2024,ACS 5-Year
36005003700,36,005,003700,Bronx,Census Tract 37; Bronx County; New York,418.0,53029.0,30.5,153.0,,2024,ACS 5-Year
36005003800,36,005,003800,Bronx,Census Tract 38; Bronx County; New York,1250.0,54214.0,36.5,407.0,1413.0,2024,ACS 5-Year
36005003900,36,005,003900,Bronx,Census Tract 39; Bronx County; New York,5581.0,25625.0,35.1,1979.0,880.0,2024,ACS 5-Year
36005004001,36,005,004001,Bronx,Census Tract 40.01; Bronx County; New York,1294.0,78935.0,44.7,501.0,1573.0,2024,ACS 5-Year
36005004100,36,005,004100,Bronx,Census Tract 41; Bronx County; New York,6162.0,14592.0,37.3,1516.0,873.0,2024,ACS 5-Year
36005004200,36,005,004200,Bronx,Census Tract 42; Bronx County; New York,7755.0,55404.0,39.5,2860.0,1301.0,2024,ACS 5-Year
36005004300,36,005,004300,Bronx,Census Tract 43; Bronx County; New York,5400.0,23393.0,34.4,1638.0,807.0,2024,ACS 5-Year
36005004400,36,005,004400,Bronx,Census Tract 44; Bronx County; New York,4303.0,24375.0,35.3,1191.0,536.0,2024,ACS 5-Year
36005004600,36,005,004600,Bronx,Census Tract 46; Bronx County; New York,1478.0,30714.0,40.2,460.0,1167.0,2024,ACS 5-Year
36005004800,36,005,004800,Bronx,Census Tract 48; Bronx County; New York,4204.0,35870.0,30.0,1640.0,1376.0,2024,ACS 5-Year
36005005001,36,005,005001,Bronx,Census Tract 50.01; Bronx County; New York,4878.0,33632.0,28.2,1574.0,1502.0,2024,ACS 5-Year
36005005002,36,005,005002,Bronx,Census Tract 50.02; Bronx County; New York,6275.0,34688.0,28.0,2127.0,1671.0,2024,ACS 5-Year
36005005100,36,005,005100,Bronx,Census Tract 51; Bronx County; New York,7261.0,25851.0,30.7,1917.0,669.0,2024,ACS 5-Year
36005005200,36,005,005200,Bronx,Census Tract 52; Bronx County; New York,1837.0,39743.0,33.1,586.0,1018.0,2024,ACS 5-Year
36005005300,36,005,005300,Bronx,Census Tract 53; Bronx County; New York,4065.0,20608.0,31.3,1212.0,1410.0,2024,ACS 5-Year
36005005400,36,005,005400,Bronx,Census Tract 54; Bronx County; New York,5482.0,54884.0,30.9,2245.0,1545.0,2024,ACS 5-Year
36005005600,36,005,005600,Bronx,Census Tract 56; Bronx County; New York,2501.0,41684.0,35.1,1025.0,1359.0,2024,ACS 5-Year
36005005902,36,005,005902,Bronx,Census Tract 59.02; Bronx County; New York,3019.0,51364.0,38.1,1329.0,1352.0,2024,ACS 5-Year
36005006000,36,005,006000,Bronx,Census Tract 60; Bronx County; New York,1280.0,78269.0,34.3,458.0,1461.0,2024,ACS 5-Year
36005006100,36,005,006100,Bronx,Census Tract 61; Bronx County; New York,3369.0,72123.0,48.6,1467.0,1353.0,2024,ACS 5-Year
36005006200,36,005,006200,Bronx,Census Tract 62; Bronx County; New York,6363.0,27453.0,31.2,2052.0,1028.0,2024,ACS 5-Year
36005006301,36,005,006301,Bronx,Census Tract 63.01; Bronx County; New York,7053.0,59924.0,35.7,3470.0,1643.0,2024,ACS 5-Year
36005006302,36,005,006302,Bronx,Census Tract 63.02; Bronx County; New York,0.0,,,0.0,,2024,ACS 5-Year
36005006400,36,005,006400,Bronx,Census Tract 64; Bronx County; New York,4194.0,41429.0,30.7,1614.0,1784.0,2024,ACS 5-Year
36005006500,36,005,006500,Bronx,Census Tract 65; Bronx County; New York,5024.0,22740.0,33.7,1609.0,1317.0,2024,ACS 5-Year
36005006700,36,005,006700,Bronx,Census Tract 67; Bronx County; New York,7664.0,30191.0,32.0,2358.0,1039.0,2024,ACS 5-Year
36005006800,36,005,006800,Bronx,Census Tract 68; Bronx County; New York,2542.0,32550.0,32.7,718.0,2058.0,2024,ACS 5-Year
36005006900,36,005,006900,Bronx,Census Tract 69; Bronx County; New York,6077.0,26608.0,35.2,2037.0,1194.0,2024,ACS 5-Year
36005007000,36,005,007000,Bronx,Census Tract 70; Bronx County; New York,4408.0,40417.0,35.4,1487.0,1799.0,2024,ACS 5-Year
36005007100,36,005,007100,Bronx,Census Tract 71; Bronx County; New York,2805.0,23148.0,39.3,1077.0,1283.0,2024,ACS 5-Year
36005007200,36,005,007200,Bronx,Census Tract 72; Bronx County; New York,4845.0,58244.0,41.7,2130.0,1452.0,2024,ACS 5-Year
36005007300,36,005,007300,Bronx,Census Tract 73; Bronx County; New York,4325.0,29978.0,28.6,1554.0,1097.0,2024,ACS 5-Year
36005007400,36,005,007400,Bronx,Census Tract 74; Bronx County; New York,3280.0,69363.0,33.3,1519.0,1506.0,2024,ACS 5-Year
36005007500,36,005,007500,Bronx,Census Tract 75; Bronx County; New York,6353.0,34259.0,32.3,2162.0,1093.0,2024,ACS 5-Year
36005007600,36,005,007600,Bronx,Census Tract 76; Bronx County; New York,5252.0,53320.0,38.1,2143.0,1646.0,2024,ACS 5-Year
36005007700,36,005,007700,Bronx,Census Tract 77; Bronx County; New York,1966.0,50733.0,33.2,817.0,1380.0,2024,ACS 5-Year
36005007800,36,005,007800,Bronx,Census Tract 78; Bronx County; New York,5633.0,47216.0,35.1,2109.0,1676.0,2024,ACS 5-Year
36005007900,36,005,007900,Bronx,Census Tract 79; Bronx County; New York,6829.0,43081.0,33.3,2398.0,1332.0,2024,ACS 5-Year
36005008300,36,005,008300,Bronx,Census Tract 83; Bronx County; New York,6287.0,48634.0,34.4,2380.0,1194.0,2024,ACS 5-Year
36005008400,36,005,008400,Bronx,Census Tract 84; Bronx County; New York,3108.0,63631.0,35.0,1356.0,1801.0,2024,ACS 5-Year
36005008500,36,005,008500,Bronx,Census Tract 85; Bronx County; New York,5866.0,41535.0,35.2,2163.0,1154.0,2024,ACS 5-Year
36005008600,36,005,008600,Bronx,Census Tract 86; Bronx County; New York,3849.0,22671.0,34.6,1035.0,751.0,2024,ACS 5-Year
36005008700,36,005,008700,Bronx,Census Tract 87; Bronx County; New York,5914.0,40188.0,34.7,2265.0,1214.0,2024,ACS 5-Year
36005008900,36,005,008900,Bronx,Census Tract 89; Bronx County; New York,2949.0,35914.0,48.1,898.0,1211.0,2024,ACS 5-Year
36005009000,36,005,009000,Bronx,Census Tract 90; Bronx County; New York,3861.0,36806.0,37.1,1296.0,780.0,2024,ACS 5-Year
36005009200,36,005,009200,Bronx,Census Tract 92; Bronx County; New York,5888.0,58717.0,37.5,2660.0,1681.0,2024,ACS 5-Year
36005009301,36,005,009301,Bronx,Census Tract 93.01; Bronx County; New York,5754.0,50962.0,31.5,2512.0,1502.0,2024,ACS 5-Year
36005009302,36,005,009302,Bronx,Census Tract 93.02; Bronx County; New York,319.0,,41.7,0.0,,2024,ACS 5-Year
36005009600,36,005,009600,Bronx,Census Tract 96; Bronx County; New York,1978.0,47212.0,43.5,738.0,1797.0,2024,ACS 5-Year
36005009800,36,005,009800,Bronx,Census Tract 98; Bronx County; New York,4080.0,97896.0,53.8,1729.0,2014.0,2024,ACS 5-Year
36005011000,36,005,011000,Bronx,Census Tract 110; Bronx County; New York,0.0,,,0.0,,2024,ACS 5-Year
36005011502,36,005,011502,Bronx,Census Tract 115.02; Bronx County; New York,3935.0,30922.0,37.6,1466.0,1209.0,2024,ACS 5-Year
36005011701,36,005,011701,Bronx,Census Tract 117.01; Bronx County; New York,1262.0,36857.0,27.8,457.0,1348.0,2024,ACS 5-Year
36005011702,36,005,011702,Bronx,Census Tract 117.02; Bronx County; New York,0.0,,,0.0,,2024,ACS 5-Year
36005011800,36,005,011800,Bronx,Census Tract 118; Bronx County; New York,5057.0,93319.0,28.5,2029.0,2289.0,2024,ACS 5-Year
36005011900,36,005,011900,Bronx,Census Tract 119; Bronx County; New York,5879.0,44122.0,27.7,2178.0,1551.0,2024,ACS 5-Year
36005012101,36,005,012101,Bronx,Census Tract 121.01; Bronx County; New York,3293.0,34464.0,36.3,1158.0,1509.0,2024,ACS 5-Year
36005012102,36,005,012102,Bronx,Census Tract 121.02; Bronx County; New York,1429.0,28200.0,42.3,414.0,888.0,2024,ACS 5-Year
36005012300,36,005,012300,Bronx,Census Tract 123; Bronx County; New York,4712.0,36435.0,32.2,1885.0,1408.0,2024,ACS 5-Year
36005012500,36,005,012500,Bronx,Census Tract 125; Bronx County; New York,4001.0,55772.0,29.7,1801.0,1418.0,2024,ACS 5-Year
36005012701,36,005,012701,Bronx,Census Tract 127.01; Bronx County; New York,2129.0,34688.0,33.6,810.0,1232.0,2024,ACS 5-Year
36005012901,36,005,012901,Bronx,Census Tract 129.01; Bronx County; New York,4944.0,39409.0,32.6,1430.0,1117.0,2024,ACS 5-Year
36005013000,36,005,013000,Bronx,Census Tract 130; Bronx County; New York,1388.0,59595.0,46.2,666.0,,2024,ACS 5-Year
36005013100,36,005,013100,Bronx,Census Tract 131; Bronx County; New York,5288.0,19760.0,38.3,1592.0,1273.0,2024,ACS 5-Year
36005013200,36,005,013200,Bronx,Census Tract 132; Bronx County; New York,7083.0,107563.0,40.1,3438.0,2240.0,2024,ACS 5-Year
36005013300,36,005,013300,Bronx,Census Tract 133; Bronx County; New York,6087.0,28560.0,32.0,1781.0,686.0,2024,ACS 5-Year
36005013500,36,005,013500,Bronx,Census Tract 135; Bronx County; New York,4075.0,26125.0,27.4,1328.0,1181.0,2024,ACS 5-Year
36005013800,36,005,013800,Bronx,Census Tract 138; Bronx County; New York,3062.0,92567.0,36.9,1326.0,1880.0,2024,ACS 5-Year
36005014100,36,005,014100,Bronx,Census Tract 141; Bronx County; New York,7856.0,38816.0,31.4,3135.0,1395.0,2024,ACS 5-Year
36005014300,36,005,014300,Bronx,Census Tract 143; Bronx County; New York,1647.0,12367.0,38.8,501.0,705.0,2024,ACS 5-Year
36005014400,36,005,014400,Bronx,Census Tract 144; Bronx County; New York,6128.0,30288.0,32.4,1886.0,391.0,2024,ACS 5-Year
36005014500,36,005,014500,Bronx,Census Tract 145; Bronx County; New York,6899.0,28104.0,31.6,1630.0,1227.0,2024,ACS 5-Year
36005014701,36,005,014701,Bronx,Census Tract 147.01; Bronx County; New York,6094.0,35277.0,25.3,1881.0,929.0,2024,ACS 5-Year
36005014702,36,005,014702,Bronx,Census Tract 147.02; Bronx County; New York,4950.0,23825.0,27.4,1583.0,516.0,2024,ACS 5-Year
36005014900,36,005,014900,Bronx,Census Tract 149; Bronx County; New York,4714.0,35982.0,31.2,1855.0,1617.0,2024,ACS 5-Year
36005015100,36,005,015100,Bronx,Census Tract 151; Bronx County; New York,5216.0,31298.0,47.0,1805.0,1354.0,2024,ACS 5-Year
36005015200,36,005,015200,Bronx,Census Tract 152; Bronx County; New York,2562.0,81875.0,38.3,1138.0,1984.0,2024,ACS 5-Year
36005015300,36,005,015300,Bronx,Census Tract 153; Bronx County; New York,3603.0,33028.0,37.1,1022.0,1240.0,2024,ACS 5-Year
36005015500,36,005,015500,Bronx,Census Tract 155; Bronx County; New York,3016.0,43913.0,41.6,1035.0,1090.0,2024,ACS 5-Year
36005015700,36,005,015700,Bronx,Census Tract 157; Bronx County; New York,6152.0,46504.0,35.0,2864.0,1299.0,2024,ACS 5-Year
36005015800,36,005,015800,Bronx,Census Tract 158; Bronx County; New York,1490.0,87656.0,46.8,667.0,1971.0,2024,ACS 5-Year
36005015900,36,005,015900,Bronx,Census Tract 159; Bronx County; New York,2407.0,25686.0,34.2,1108.0,1173.0,2024,ACS 5-Year
36005016000,36,005,016000,Bronx,Census Tract 160; Bronx County; New York,3848.0,90221.0,43.5,1728.0,2271.0,2024,ACS 5-Year
36005016100,36,005,016100,Bronx,Census Tract 161; Bronx County; New York,4703.0,23210.0,44.0,1439.0,1122.0,2024,ACS 5-Year
36005016200,36,005,016200,Bronx,Census Tract 162; Bronx County; New York,1885.0,121645.0,36.5,806.0,1919.0,2024,ACS 5-Year
36005016300,36,005,016300,Bronx,Census Tract 163; Bronx County; New York,0.0,,,0.0,,2024,ACS 5-Year
36005016400,36,005,016400,Bronx,Census Tract 164; Bronx County; New York,1132.0,69057.0,39.7,461.0,2042.0,2024,ACS 5-Year
36005016500,36,005,016500,Bronx,Census Tract 165; Bronx County; New York,1311.0,52446.0,32.3,595.0,1362.0,2024,ACS 5-Year
36005016600,36,005,016600,Bronx,Census Tract 166; Bronx County; New York,2395.0,109519.0,37.9,1050.0,2064.0,2024,ACS 5-Year
36005016700,36,005,016700,Bronx,Census Tract 167; Bronx County; New York,3015.0,45363.0,33.2,1012.0,1256.0,2024,ACS 5-Year
36005016900,36,005,016900,Bronx,Census Tract 169; Bronx County; New York,1944.0,42168.0,30.8,750.0,1345.0,2024,ACS 5-Year
36005017100,36,005,017100,Bronx,Census Tract 171; Bronx County; New York,0.0,,,0.0,,2024,ACS 5-Year
36005017300,36,005,017300,Bronx,Census Tract 173; Bronx County; New York,5266.0,33269.0,41.0,2131.0,1319.0,2024,ACS 5-Year
36005017500,36,005,017500,Bronx,Census Tract 175; Bronx County; New York,6264.0,18474.0,31.5,1919.0,1044.0,2024,ACS 5-Year
36005017701,36,005,017701,Bronx,Census Tract 177.01; Bronx County; New York,5395.0,62126.0,36.7,2504.0,1667.0,2024,ACS 5-Year
36005017702,36,005,017702,Bronx,Census Tract 177.02; Bronx County; New York,5232.0,40125.0,35.8,1838.0,1205.0,2024,ACS 5-Year
36005017901,36,005,017901,Bronx,Census Tract 179.01; Bronx County; New York,4968.0,47778.0,35.4,2009.0,1669.0,2024,ACS 5-Year
36005017902,36,005,017902,Bronx,Census Tract 179.02; Bronx County; New York,3030.0,42870.0,36.1,1187.0,1671.0,2024,ACS 5-Year
36005018101,36,005,018101,Bronx,Census Tract 181.01; Bronx County; New York,2881.0,55664.0,32.4,1310.0,1466.0,2024,ACS 5-Year
36005018102,36,005,018102,Bronx,Census Tract 181.02; Bronx County; New York,5324.0,31618.0,43.6,2276.0,1238.0,2024,ACS 5-Year
36005018301,36,005,018301,Bronx,Census Tract 183.01; Bronx County; New York,3933.0,46389.0,47.2,1663.0,1429.0,2024,ACS 5-Year
36005018302,36,005,018302,Bronx,Census Tract 183.02; Bronx County; New York,3295.0,68627.0,37.0,1616.0,1756.0,2024,ACS 5-Year
36005018400,36,005,018400,Bronx,Census Tract 184; Bronx County; New York,3886.0,92273.0,38.1,1876.0,1844.0,2024,ACS 5-Year
36005018501,36,005,018501,Bronx,Census Tract 185.01; Bronx County; New York,3775.0,49444.0,31.7,1515.0,1238.0,2024,ACS 5-Year
36005018502,36,005,018502,Bronx,Census Tract 185.02; Bronx County; New York,5525.0,28963.0,32.7,1665.0,1119.0,2024,ACS 5-Year
36005018900,36,005,018900,Bronx,Census Tract 189; Bronx County; New York,8244.0,54056.0,32.0,3692.0,1511.0,2024,ACS 5-Year
36005019300,36,005,019300,Bronx,Census Tract 193; Bronx County; New York,5949.0,46794.0,34.7,2705.0,1253.0,2024,ACS 5-Year
36005019400,36,005,019400,Bronx,Census Tract 194; Bronx County; New York,2117.0,100950.0,41.5,1067.0,1951.0,2024,ACS 5-Year
36005019500,36,005,019500,Bronx,Census Tract 195; Bronx County; New York,7738.0,45661.0,33.9,2702.0,1450.0,2024,ACS 5-Year
36005019700,36,005,019700,Bronx,Census Tract 197; Bronx County; New York,7628.0,25439.0,30.9,2663.0,1600.0,2024,ACS 5-Year
36005019900,36,005,019900,Bronx,Census Tract 199; Bronx County; New York,6852.0,34311.0,38.8,3190.0,1401.0,2024,ACS 5-Year
36005020000,36,005,020000,Bronx,Census Tract 200; Bronx County; New York,4419.0,46622.0,34.0,1707.0,1571.0,2024,ACS 5-Year
36005020100,36,005,020100,Bronx,Census Tract 201; Bronx County; New York,3845.0,32692.0,34.0,1115.0,1542.0,2024,ACS 5-Year
36005020200,36,005,020200,Bronx,Census Tract 202; Bronx County; New York,2602.0,53491.0,35.4,1137.0,1375.0,2024,ACS 5-Year
36005020400,36,005,020400,Bronx,Census Tract 204; Bronx County; New York,2829.0,55947.0,32.3,1067.0,1776.0,2024,ACS 5-Year
36005020501,36,005,020501,Bronx,Census Tract 205.01; Bronx County; New York,8397.0,27349.0,32.9,2567.0,1277.0,2024,ACS 5-Year
36005020502,36,005,020502,Bronx,Census Tract 205.02; Bronx County; New York,2331.0,39688.0,39.8,882.0,1353.0,2024,ACS 5-Year
36005020601,36,005,020601,Bronx,Census Tract 206.01; Bronx County; New York,2852.0,86701.0,33.4,1319.0,1660.0,2024,ACS 5-Year
36005020900,36,005,020900,Bronx,Census Tract 209; Bronx County; New York,4809.0,38333.0,33.3,1895.0,1410.0,2024,ACS 5-Year
36005021001,36,005,021001,Bronx,Census Tract 210.01; Bronx County; New York,7347.0,52629.0,37.8,2955.0,1750.0,2024,ACS 5-Year
36005021002,36,005,021002,Bronx,Census Tract 210.02; Bronx County; New York,7434.0,73188.0,36.8,3312.0,1744.0,2024,ACS 5-Year
36005021100,36,005,021100,Bronx,Census Tract 211; Bronx County; New York,5922.0,52128.0,30.7,2182.0,1311.0,2024,ACS 5-Year
36005021200,36,005,021200,Bronx,Census Tract 212; Bronx County; New York,5322.0,68926.0,42.5,2173.0,1761.0,2024,ACS 5-Year
36005021301,36,005,021301,Bronx,Census Tract 213.01; Bronx County; New York,1289.0,37171.0,32.0,475.0,1489.0,2024,ACS 5-Year
36005021302,36,005,021302,Bronx,Census Tract 213.02; Bronx County; New York,5898.0,37049.0,42.2,2366.0,1350.0,2024,ACS 5-Year
36005021501,36,005,021501,Bronx,Census Tract 215.01; Bronx County; New York,4346.0,37171.0,33.0,1872.0,1498.0,2024,ACS 5-Year
36005021502,36,005,021502,Bronx,Census Tract 215.02; Bronx County; New York,6235.0,20415.0,36.6,1819.0,1305.0,2024,ACS 5-Year
36005021601,36,005,021601,Bronx,Census Tract 216.01; Bronx County; New York,4118.0,33990.0,33.2,1873.0,1589.0,2024,ACS 5-Year
36005021602,36,005,021602,Bronx,Census Tract 216.02; Bronx County; New York,6027.0,58569.0,38.3,2587.0,1735.0,2024,ACS 5-Year
36005021700,36,005,021700,Bronx,Census Tract 217; Bronx County; New York,5006.0,36195.0,36.2,2192.0,1448.0,2024,ACS 5-Year
36005021800,36,005,021800,Bronx,Census Tract 218; Bronx County; New York,6050.0,60108.0,40.0,2907.0,1494.0,2024,ACS 5-Year
36005021900,36,005,021900,Bronx,Census Tract 219; Bronx County; New York,1488.0,48444.0,37.1,743.0,1517.0,2024,ACS 5-Year
36005022000,36,005,022000,Bronx,Census Tract 220; Bronx County; New York,1872.0,23910.0,28.4,473.0,1323.0,2024,ACS 5-Year
36005022101,36,005,022101,Bronx,Census Tract 221.01; Bronx County; New York,3752.0,52176.0,29.0,1442.0,1392.0,2024,ACS 5-Year
36005022102,36,005,022102,Bronx,Census Tract 221.02; Bronx County; New York,5144.0,33614.0,33.9,1901.0,1493.0,2024,ACS 5-Year
36005022200,36,005,022200,Bronx,Census Tract 222; Bronx County; New York,3330.0,48110.0,37.1,1391.0,1695.0,2024,ACS 5-Year
36005022300,36,005,022300,Bronx,Census Tract 223; Bronx County; New York,4867.0,45257.0,34.3,2272.0,1185.0,2024,ACS 5-Year
36005022401,36,005,022401,Bronx,Census Tract 224.01; Bronx County; New York,2433.0,53398.0,36.9,911.0,1671.0,2024,ACS 5-Year
36005022403,36,005,022403,Bronx,Census Tract 224.03; Bronx County; New York,2782.0,72143.0,37.0,1499.0,1779.0,2024,ACS 5-Year
36005022404,36,005,022404,Bronx,Census Tract 224.04; Bronx County; New York,4292.0,61760.0,40.3,2132.0,1715.0,2024,ACS 5-Year
36005022500,36,005,022500,Bronx,Census Tract 225; Bronx County; New York,8040.0,50243.0,33.2,2884.0,1542.0,2024,ACS 5-Year
36005022701,36,005,022701,Bronx,Census Tract 227.01; Bronx County; New York,4942.0,37828.0,35.7,2148.0,1745.0,2024,ACS 5-Year
36005022702,36,005,022702,Bronx,Census Tract 227.02; Bronx County; New York,1071.0,34145.0,41.5,463.0,1555.0,2024,ACS 5-Year
36005022703,36,005,022703,Bronx,Census Tract 227.03; Bronx County; New York,1685.0,60694.0,35.2,648.0,1592.0,2024,ACS 5-Year
36005022800,36,005,022800,Bronx,Census Tract 228; Bronx County; New York,5744.0,83859.0,34.1,3041.0,1851.0,2024,ACS 5-Year
36005022901,36,005,022901,Bronx,Census Tract 229.01; Bronx County; New York,5927.0,52222.0,30.2,2352.0,1326.0,2024,ACS 5-Year
36005022902,36,005,022902,Bronx,Census Tract 229.02; Bronx County; New York,3378.0,47833.0,33.0,1947.0,1546.0,2024,ACS 5-Year
36005023000,36,005,023000,Bronx,Census Tract 230; Bronx County; New York,2889.0,53826.0,31.6,1191.0,1640.0,2024,ACS 5-Year
36005023100,36,005,023100,Bronx,Census Tract 231; Bronx County; New York,1420.0,,33.5,554.0,1482.0,2024,ACS 5-Year
36005023200,36,005,023200,Bronx,Census Tract 232; Bronx County; New York,2626.0,50893.0,29.6,1067.0,1767.0,2024,ACS 5-Year
36005023301,36,005,023301,Bronx,Census Tract 233.01; Bronx County; New York,3841.0,37936.0,32.5,1468.0,1372.0,2024,ACS 5-Year
36005023302,36,005,023302,Bronx,Census Tract 233.02; Bronx County; New York,3955.0,69030.0,30.0,1692.0,1562.0,2024,ACS 5-Year
36005023501,36,005,023501,Bronx,Census Tract 235.01; Bronx County; New York,2963.0,19940.0,34.1,1356.0,1364.0,2024,ACS 5-Year
36005023502,36,005,023502,Bronx,Census Tract 235.02; Bronx County; New York,4490.0,41780.0,37.1,1913.0,1228.0,2024,ACS 5-Year
36005023600,36,005,023600,Bronx,Census Tract 236; Bronx County; New York,1782.0,52368.0,32.0,833.0,1680.0,2024,ACS 5-Year
36005023702,36,005,023702,Bronx,Census Tract 237.02; Bronx County; New York,1021.0,34922.0,38.1,436.0,1489.0,2024,ACS 5-Year
36005023703,36,005,023703,Bronx,Census Tract 237.03; Bronx County; New York,4959.0,32892.0,31.8,1398.0,1596.0,2024,ACS 5-Year
36005023704,36,005,023704,Bronx,Census Tract 237.04; Bronx County; New York,3358.0,32228.0,37.5,1341.0,1786.0,2024,ACS 5-Year
36005023800,36,005,023800,Bronx,Census Tract 238; Bronx County; New York,2552.0,64408.0,32.8,1093.0,1816.0,2024,ACS 5-Year
36005023900,36,005,023900,Bronx,Census Tract 239; Bronx County; New York,8591.0,37543.0,34.5,3868.0,1652.0,2024,ACS 5-Year
36005024000,36,005,024000,Bronx,Census Tract 240; Bronx County; New York,3855.0,68832.0,40.5,1873.0,1900.0,2024,ACS 5-Year
36005024100,36,005,024100,Bronx,Census Tract 241; Bronx County; New York,6078.0,22361.0,37.2,2228.0,1440.0,2024,ACS 5-Year
36005024300,36,005,024300,Bronx,Census Tract 243; Bronx County; New York,4134.0,30446.0,40.1,1505.0,1408.0,2024,ACS 5-Year
36005024400,36,005,024400,Bronx,Census Tract 244; Bronx County; New York,2252.0,82083.0,33.4,1092.0,1872.0,2024,ACS 5-Year
36005024501,36,005,024501,Bronx,Census Tract 245.01; Bronx County; New York,4856.0,45900.0,40.6,2213.0,1124.0,2024,ACS 5-Year
36005024502,36,005,024502,Bronx,Census Tract 245.02; Bronx County; New York,4226.0,60221.0,30.2,2043.0,1411.0,2024,ACS 5-Year
36005024600,36,005,024600,Bronx,Census Tract 246; Bronx County; New York,2037.0,97115.0,41.4,910.0,1862.0,2024,ACS 5-Year
36005024700,36,005,024700,Bronx,Census Tract 247; Bronx County; New York,1756.0,48906.0,38.1,857.0,1608.0,2024,ACS 5-Year
36005024800,36,005,024800,Bronx,Census Tract 248; Bronx County; New York,3699.0,61210.0,39.0,1723.0,1800.0,2024,ACS 5-Year
36005024900,36,005,024900,Bronx,Census Tract 249; Bronx County; New York,0.0,,,0.0,,2024,ACS 5-Year
36005025000,36,005,025000,Bronx,Census Tract 250; Bronx County; New York,2763.0,109896.0,38.6,1263.0,1770.0,2024,ACS 5-Year
36005025100,36,005,025100,Bronx,Census Tract 251; Bronx County; New York,6983.0,36845.0,36.9,2884.0,1356.0,2024,ACS 5-Year
36005025200,36,005,025200,Bronx,Census Tract 252; Bronx County; New York,2582.0,83688.0,33.2,1328.0,2128.0,2024,ACS 5-Year
36005025300,36,005,025300,Bronx,Census Tract 253; Bronx County; New York,5503.0,42976.0,31.1,2313.0,1416.0,2024,ACS 5-Year
36005025400,36,005,025400,Bronx,Census Tract 254; Bronx County; New York,2582.0,90108.0,37.0,1188.0,1801.0,2024,ACS 5-Year
36005025500,36,005,025500,Bronx,Census Tract 255; Bronx County; New York,6139.0,49159.0,35.3,2851.0,1563.0,2024,ACS 5-Year
36005025600,36,005,025600,Bronx,Census Tract 256; Bronx County; New York,1582.0,60815.0,38.5,813.0,1603.0,2024,ACS 5-Year
36005025700,36,005,025700,Bronx,Census Tract 257; Bronx County; New York,1685.0,38667.0,33.4,651.0,1703.0,2024,ACS 5-Year
36005026100,36,005,026100,Bronx,Census Tract 261; Bronx County; New York,2047.0,59242.0,50.8,880.0,1685.0,2024,ACS 5-Year
36005026300,36,005,026300,Bronx,Census Tract 263; Bronx County; New York,6381.0,42100.0,38.7,2488.0,1550.0,2024,ACS 5-Year
36005026400,36,005,026400,Bronx,Census Tract 264; Bronx County; New York,5870.0,65337.0,36.1,2644.0,2146.0,2024,ACS 5-Year
36005026500,36,005,026500,Bronx,Census Tract 265; Bronx County; New York,6906.0,71688.0,33.8,3247.0,1743.0,2024,ACS 5-Year
36005026601,36,005,026601,Bronx,Census Tract 266.01; Bronx County; New York,3214.0,51042.0,35.6,1482.0,1694.0,2024,ACS 5-Year
36005026602,36,005,026602,Bronx,Census Tract 266.02; Bronx County; New York,5900.0,53969.0,43.4,2587.0,1847.0,2024,ACS 5-Year
36005026701,36,005,026701,Bronx,Census Tract 267.01; Bronx County; New York,3591.0,52286.0,34.4,1565.0,1521.0,2024,ACS 5-Year
36005026702,36,005,026702,Bronx,Census Tract 267.02; Bronx County; New York,6841.0,75924.0,37.0,2994.0,1676.0,2024,ACS 5-Year
36005026900,36,005,026900,Bronx,Census Tract 269; Bronx County; New York,4040.0,27569.0,40.6,1637.0,1253.0,2024,ACS 5-Year
36005027300,36,005,027300,Bronx,Census Tract 273; Bronx County; New York,6431.0,51730.0,39.8,3230.0,1426.0,2024,ACS 5-Year
36005027401,36,005,027401,Bronx,Census Tract 274.01; Bronx County; New York,4973.0,105346.0,42.5,2597.0,2261.0,2024,ACS 5-Year
36005027402,36,005,027402,Bronx,Census Tract 274.02; Bronx County; New York,3492.0,108235.0,37.9,1682.0,2253.0,2024,ACS 5-Year
36005027600,36,005,027600,Bronx,Census Tract 276; Bronx County; New York,154.0,,28.6,95.0,,2024,ACS 5-Year
36005027700,36,005,027700,Bronx,Census Tract 277; Bronx County; New York,4474.0,48750.0,35.8,2080.0,1436.0,2024,ACS 5-Year
36005027900,36,005,027900,Bronx,Census Tract 279; Bronx County; New York,8359.0,72721.0,32.7,3820.0,1945.0,2024,ACS 5-Year
36005028100,36,005,028100,Bronx,Census Tract 281; Bronx County; New York,3565.0,65982.0,60.6,1482.0,1409.0,2024,ACS 5-Year
36005028300,36,005,028300,Bronx,Census Tract 283; Bronx County; New York,2325.0,13796.0,38.8,549.0,1013.0,2024,ACS 5-Year
36005028400,36,005,028400,Bronx,Census Tract 284; Bronx County; New York,374.0,,53.0,39.0,,2024,ACS 5-Year
36005028500,36,005,028500,Bronx,Census Tract 285; Bronx County; New York,3422.0,70659.0,40.6,1931.0,1649.0,2024,ACS 5-Year
36005028600,36,005,028600,Bronx,Census Tract 286; Bronx County; New York,1248.0,72692.0,38.5,604.0,2340.0,2024,ACS 5-Year
36005028700,36,005,028700,Bronx,Census Tract 287; Bronx County; New York,3543.0,62500.0,38.4,1631.0,1664.0,2024,ACS 5-Year
36005028800,36,005,028800,Bronx,Census Tract 288; Bronx County; New York,2589.0,97969.0,45.7,1369.0,1784.0,2024,ACS 5-Year
36005028900,36,005,028900,Bronx,Census Tract 289; Bronx County; New York,4461.0,61797.0,36.9,2300.0,1742.0,2024,ACS 5-Year
36005029301,36,005,029301,Bronx,Census Tract 293.01; Bronx County; New York,1874.0,145951.0,58.4,895.0,1691.0,2024,ACS 5-Year
36005029302,36,005,029302,Bronx,Census Tract 293.02; Bronx County; New York,5439.0,133102.0,52.1,2450.0,2856.0,2024,ACS 5-Year
36005029500,36,005,029500,Bronx,Census Tract 295; Bronx County; New York,4582.0,98125.0,42.8,2625.0,2024.0,2024,ACS 5-Year
36005029600,36,005,029600,Bronx,Census Tract 296; Bronx County; New York,2367.0,57474.0,31.9,1084.0,1651.0,2024,ACS 5-Year
36005029700,36,005,029700,Bronx,Census Tract 297; Bronx County; New York,4157.0,100548.0,54.6,1519.0,2151.0,2024,ACS 5-Year
36005030000,36,005,030000,Bronx,Census Tract 300; Bronx County; New York,6944.0,78155.0,36.8,3397.0,2134.0,2024,ACS 5-Year
36005030100,36,005,030100,Bronx,Census Tract 301; Bronx County; New York,1570.0,80357.0,61.0,573.0,1313.0,2024,ACS 5-Year
36005030201,36,005,030201,Bronx,Census Tract 302.01; Bronx County; New York,3681.0,69500.0,44.4,2007.0,1351.0,2024,ACS 5-Year
36005030202,36,005,030202,Bronx,Census Tract 302.02; Bronx County; New York,6165.0,74044.0,42.3,2838.0,1247.0,2024,ACS 5-Year
36005030701,36,005,030701,Bronx,Census Tract 307.01; Bronx County; New York,5743.0,109890.0,43.3,2400.0,2680.0,2024,ACS 5-Year
36005030900,36,005,030900,Bronx,Census Tract 309; Bronx County; New York,3812.0,117333.0,59.5,1155.0,2090.0,2024,ACS 5-Year
36005031000,36,005,031000,Bronx,Census Tract 310; Bronx County; New York,4618.0,148168.0,51.7,2111.0,2493.0,2024,ACS 5-Year
36005031200,36,005,031200,Bronx,Census Tract 312; Bronx County; New York,1489.0,108056.0,37.6,576.0,2293.0,2024,ACS 5-Year
36005031400,36,005,031400,Bronx,Census Tract 314; Bronx County; New York,2232.0,111800.0,38.6,924.0,1821.0,2024,ACS 5-Year
36005031600,36,005,031600,Bronx,Census Tract 316; Bronx County; New York,1697.0,79263.0,47.3,668.0,1692.0,2024,ACS 5-Year
36005031800,36,005,031800,Bronx,Census Tract 318; Bronx County; New York,1820.0,96000.0,44.3,827.0,2236.0,2024,ACS 5-Year
36005031900,36,005,031900,Bronx,Census Tract 319; Bronx County; New York,693.0,,20.0,155.0,,2024,ACS 5-Year
36005032300,36,005,032300,Bronx,Census Tract 323; Bronx County; New York,4981.0,95556.0,57.0,2074.0,1352.0,2024,ACS 5-Year
36005032400,36,005,032400,Bronx,Census Tract 324; Bronx County; New York,2961.0,31489.0,38.3,1179.0,619.0,2024,ACS 5-Year
36005032600,36,005,032600,Bronx,Census Tract 326; Bronx County; New York,3542.0,89323.0,46.8,1519.0,2409.0,2024,ACS 5-Year
36005032800,36,005,032800,Bronx,Census Tract 328; Bronx County; New York,4132.0,49720.0,32.0,1720.0,1374.0,2024,ACS 5-Year
36005033000,36,005,033000,Bronx,Census Tract 330; Bronx County; New York,5197.0,40133.0,38.5,1872.0,1371.0,2024,ACS 5-Year
36005033201,36,005,033201,Bronx,Census Tract 332.01; Bronx County; New York,4050.0,35360.0,50.5,1621.0,1604.0,2024,ACS 5-Year
36005033202,36,005,033202,Bronx,Census Tract 332.02; Bronx County; New York,3628.0,50245.0,49.4,1302.0,1556.0,2024,ACS 5-Year
36005033400,36,005,033400,Bronx,Census Tract 334; Bronx County; New York,32.0,,40.1,14.0,,2024,ACS 5-Year
36005033500,36,005,033500,Bronx,Census Tract 335; Bronx County; New York,2236.0,109867.0,40.9,1041.0,1908.0,2024,ACS 5-Year
36005033601,36,005,033601,Bronx,Census Tract 336.01; Bronx County; New York,4414.0,20765.0,39.3,1414.0,864.0,2024,ACS 5-Year
36005033602,36,005,033602,Bronx,Census Tract 336.02; Bronx County; New York,1234.0,70475.0,43.2,573.0,1403.0,2024,ACS 5-Year
36005033700,36,005,033700,Bronx,Census Tract 337; Bronx County; New York,3198.0,125273.0,39.3,1105.0,2307.0,2024,ACS 5-Year
36005033801,36,005,033801,Bronx,Census Tract 338.01; Bronx County; New York,2011.0,72725.0,28.8,838.0,1367.0,2024,ACS 5-Year
36005033802,36,005,033802,Bronx,Census Tract 338.02; Bronx County; New York,1579.0,62153.0,30.4,711.0,1616.0,2024,ACS 5-Year
36005034000,36,005,034000,Bronx,Census Tract 340; Bronx County; New York,5049.0,63500.0,32.5,2229.0,1646.0,2024,ACS 5-Year
36005034200,36,005,034200,Bronx,Census Tract 342; Bronx County; New York,1625.0,73298.0,35.1,825.0,1905.0,2024,ACS 5-Year
36005034300,36,005,034300,Bronx,Census Tract 343; Bronx County; New York,1647.0,76940.0,52.3,628.0,1800.0,2024,ACS 5-Year
36005034400,36,005,034400,Bronx,Census Tract 344; Bronx County; New York,1717.0,79167.0,36.4,822.0,1992.0,2024,ACS 5-Year
36005034500,36,005,034500,Bronx,Census Tract 345; Bronx County; New York,4037.0,100539.0,46.3,1909.0,1625.0,2024,ACS 5-Year
36005034800,36,005,034800,Bronx,Census Tract 348; Bronx County; New York,6051.0,55700.0,41.1,2389.0,448.0,2024,ACS 5-Year
36005035000,36,005,035000,Bronx,Census Tract 350; Bronx County; New York,1887.0,72778.0,38.8,996.0,1899.0,2024,ACS 5-Year
36005035100,36,005,035100,Bronx,Census Tract 351; Bronx County; New York,3461.0,94948.0,30.0,1739.0,1706.0,2024,ACS 5-Year
36005035600,36,005,035600,Bronx,Census Tract 356; Bronx County; New York,2207.0,85962.0,36.5,982.0,1909.0,2024,ACS 5-Year
36005035800,36,005,035800,Bronx,Census Tract 358; Bronx County; New York,6673.0,87553.0,43.0,3239.0,1937.0,2024,ACS 5-Year
36005035900,36,005,035900,Bronx,Census Tract 359; Bronx County; New York,3873.0,34472.0,30.7,1352.0,1215.0,2024,ACS 5-Year
36005036000,36,005,036000,Bronx,Census Tract 360; Bronx County; New York,2779.0,85708.0,48.2,1164.0,1860.0,2024,ACS 5-Year
36005036100,36,005,036100,Bronx,Census Tract 361; Bronx County; New York,4690.0,29250.0,32.2,1575.0,578.0,2024,ACS 5-Year
36005036300,36,005,036300,Bronx,Census Tract 363; Bronx County; New York,6727.0,27273.0,35.2,1977.0,1530.0,2024,ACS 5-Year
36005036400,36,005,036400,Bronx,Census Tract 364; Bronx County; New York,2304.0,64850.0,43.0,955.0,1846.0,2024,ACS 5-Year
36005036501,36,005,036501,Bronx,Census Tract 365.01; Bronx County; New York,4287.0,47739.0,33.9,1721.0,1361.0,2024,ACS 5-Year
36005036502,36,005,036502,Bronx,Census Tract 365.02; Bronx County; New York,2287.0,27110.0,32.8,872.0,1250.0,2024,ACS 5-Year
36005036700,36,005,036700,Bronx,Census Tract 367; Bronx County; New York,2718.0,27465.0,31.9,940.0,1685.0,2024,ACS 5-Year
36005036800,36,005,036800,Bronx,Census Tract 368; Bronx County; New York,1958.0,65781.0,37.6,573.0,1970.0,2024,ACS 5-Year
36005036901,36,005,036901,Bronx,Census Tract 369.01; Bronx County; New York,1808.0,16232.0,40.4,489.0,1231.0,2024,ACS 5-Year
36005036902,36,005,036902,Bronx,Census Tract 369.02; Bronx County; New York,2504.0,36484.0,29.0,805.0,936.0,2024,ACS 5-Year
36005037000,36,005,037000,Bronx,Census Tract 370; Bronx County; New York,2362.0,108523.0,33.9,1048.0,1595.0,2024,ACS 5-Year
36005037100,36,005,037100,Bronx,Census Tract 371; Bronx County; New York,4218.0,39932.0,38.1,1618.0,1260.0,2024,ACS 5-Year
36005037200,36,005,037200,Bronx,Census Tract 372; Bronx County; New York,2017.0,75224.0,39.5,1025.0,1851.0,2024,ACS 5-Year
36005037300,36,005,037300,Bronx,Census Tract 373; Bronx County; New York,6202.0,50000.0,32.3,2004.0,1289.0,2024,ACS 5-Year
36005037400,36,005,037400,Bronx,Census Tract 374; Bronx County; New York,3633.0,35785.0,32.6,1478.0,1179.0,2024,ACS 5-Year
36005037504,36,005,037504,Bronx,Census Tract 375.04; Bronx County; New York,4015.0,40219.0,30.4,1578.0,1223.0,2024,ACS 5-Year
36005037600,36,005,037600,Bronx,Census Tract 376; Bronx County; New York,2115.0,60288.0,42.1,788.0,1560.0,2024,ACS 5-Year
36005037800,36,005,037800,Bronx,Census Tract 378; Bronx County; New York,3505.0,65964.0,33.1,1360.0,1443.0,2024,ACS 5-Year
36005037900,36,005,037900,Bronx,Census Tract 379; Bronx County; New York,6961.0,50250.0,31.2,2939.0,1497.0,2024,ACS 5-Year
36005038000,36,005,038000,Bronx,Census Tract 380; Bronx County; New York,5023.0,48073.0,34.7,2027.0,1461.0,2024,ACS 5-Year
36005038100,36,005,038100,Bronx,Census Tract 381; Bronx County; New York,6543.0,42015.0,37.9,2867.0,1442.0,2024,ACS 5-Year
36005038200,36,005,038200,Bronx,Census Tract 382; Bronx County; New York,2964.0,83125.0,36.3,1325.0,1769.0,2024,ACS 5-Year
36005038301,36,005,038301,Bronx,Census Tract 383.01; Bronx County; New York,4553.0,44040.0,32.0,2062.0,1572.0,2024,ACS 5-Year
36005038303,36,005,038303,Bronx,Census Tract 383.03; Bronx County; New York,3662.0,45258.0,29.3,1534.0,1472.0,2024,ACS 5-Year
36005038304,36,005,038304,Bronx,Census Tract 383.04; Bronx County; New York,2231.0,26842.0,30.6,691.0,1063.0,2024,ACS 5-Year
36005038500,36,005,038500,Bronx,Census Tract 385; Bronx County; New York,5218.0,13554.0,29.1,1034.0,1327.0,2024,ACS 5-Year
36005038600,36,005,038600,Bronx,Census Tract 386; Bronx County; New York,8012.0,68481.0,34.4,2983.0,1683.0,2024,ACS 5-Year
36005038700,36,005,038700,Bronx,Census Tract 387; Bronx County; New York,3610.0,44982.0,30.3,1822.0,1672.0,2024,ACS 5-Year
36005038800,36,005,038800,Bronx,Census Tract 388; Bronx County; New York,2752.0,61000.0,33.2,1060.0,1837.0,2024,ACS 5-Year
36005038900,36,005,038900,Bronx,Census Tract 389; Bronx County; New York,5412.0,46471.0,28.4,2592.0,1693.0,2024,ACS 5-Year
36005039000,36,005,039000,Bronx,Census Tract 390; Bronx County; New York,3054.0,56563.0,41.8,1207.0,1672.0,2024,ACS 5-Year
36005039100,36,005,039100,Bronx,Census Tract 391; Bronx County; New York,6071.0,34663.0,39.1,3217.0,1196.0,2024,ACS 5-Year
36005039200,36,005,039200,Bronx,Census Tract 392; Bronx County; New York,1590.0,67917.0,35.9,685.0,1646.0,2024,ACS 5-Year
36005039300,36,005,039300,Bronx,Census Tract 393; Bronx County; New York,8847.0,27776.0,31.9,3026.0,1542.0,2024,ACS 5-Year
36005039400,36,005,039400,Bronx,Census Tract 394; Bronx County; New York,4323.0,60373.0,39.7,1766.0,1435.0,2024,ACS 5-Year
36005039500,36,005,039500,Bronx,Census Tract 395; Bronx County; New York,4389.0,21674.0,33.6,1655.0,1191.0,2024,ACS 5-Year
36005039600,36,005,039600,Bronx,Census Tract 396; Bronx County; New York,3763.0,48798.0,35.8,1514.0,1454.0,2024,ACS 5-Year
36005039700,36,005,039700,Bronx,Census Tract 397; Bronx County; New York,4219.0,31964.0,20.1,1235.0,1044.0,2024,ACS 5-Year
36005039800,36,005,039800,Bronx,Census Tract 398; Bronx County; New York,3540.0,28491.0,31.0,1155.0,1321.0,2024,ACS 5-Year
36005039901,36,005,039901,Bronx,Census Tract 399.01; Bronx County; New York,4855.0,43503.0,33.8,2052.0,1546.0,2024,ACS 5-Year
36005039902,36,005,039902,Bronx,Census Tract 399.02; Bronx County; New York,4719.0,43491.0,32.7,1921.0,1475.0,2024,ACS 5-Year
36005040100,36,005,040100,Bronx,Census Tract 401; Bronx County; New York,4749.0,28649.0,33.9,1733.0,1631.0,2024,ACS 5-Year
36005040302,36,005,040302,Bronx,Census Tract 403.02; Bronx County; New York,4008.0,37756.0,38.6,1438.0,1739.0,2024,ACS 5-Year
36005040303,36,005,040303,Bronx,Census Tract 403.03; Bronx County; New York,3999.0,42750.0,34.2,1913.0,1629.0,2024,ACS 5-Year
36005040304,36,005,040304,Bronx,Census Tract 403.04; Bronx County; New York,3502.0,36913.0,31.8,1439.0,1689.0,2024,ACS 5-Year
36005040400,36,005,040400,Bronx,Census Tract 404; Bronx County; New York,3408.0,65451.0,35.6,1382.0,1778.0,2024,ACS 5-Year
36005040501,36,005,040501,Bronx,Census Tract 405.01; Bronx County; New York,3327.0,42386.0,32.1,1262.0,1510.0,2024,ACS 5-Year
36005040502,36,005,040502,Bronx,Census Tract 405.02; Bronx County; New York,5615.0,38884.0,34.6,2485.0,1611.0,2024,ACS 5-Year
36005040600,36,005,040600,Bronx,Census Tract 406; Bronx County; New York,3451.0,48857.0,29.9,1690.0,1714.0,2024,ACS 5-Year
36005040701,36,005,040701,Bronx,Census Tract 407.01; Bronx County; New York,2839.0,46188.0,33.9,1135.0,1508.0,2024,ACS 5-Year
36005040702,36,005,040702,Bronx,Census Tract 407.02; Bronx County; New York,6233.0,33946.0,38.9,2334.0,1294.0,2024,ACS 5-Year
36005040800,36,005,040800,Bronx,Census Tract 408; Bronx County; New York,4381.0,41555.0,32.6,1733.0,1525.0,2024,ACS 5-Year
36005040900,36,005,040900,Bronx,Census Tract 409; Bronx County; New York,3323.0,67793.0,47.9,1539.0,1695.0,2024,ACS 5-Year
36005041100,36,005,041100,Bronx,Census Tract 411; Bronx County; New York,3418.0,54219.0,43.4,1525.0,1666.0,2024,ACS 5-Year
36005041300,36,005,041300,Bronx,Census Tract 413; Bronx County; New York,7329.0,60254.0,33.0,3554.0,1741.0,2024,ACS 5-Year
36005041400,36,005,041400,Bronx,Census Tract 414; Bronx County; New York,5483.0,125302.0,43.2,2708.0,1791.0,2024,ACS 5-Year
36005041500,36,005,041500,Bronx,Census Tract 415; Bronx County; New York,5555.0,50579.0,39.6,2161.0,1698.0,2024,ACS 5-Year
36005041800,36,005,041800,Bronx,Census Tract 418; Bronx County; New York,3396.0,62567.0,42.6,1767.0,1731.0,2024,ACS 5-Year
36005041900,36,005,041900,Bronx,Census Tract 419; Bronx County; New York,6215.0,57079.0,38.3,3187.0,1616.0,2024,ACS 5-Year
36005042000,36,005,042000,Bronx,Census Tract 420; Bronx County; New York,4660.0,31776.0,36.5,1429.0,1581.0,2024,ACS 5-Year
36005042100,36,005,042100,Bronx,Census Tract 421; Bronx County; New York,5780.0,52824.0,31.7,2914.0,1518.0,2024,ACS 5-Year
36005042200,36,005,042200,Bronx,Census Tract 422; Bronx County; New York,3209.0,75201.0,41.0,1533.0,1700.0,2024,ACS 5-Year
36005042300,36,005,042300,Bronx,Census Tract 423; Bronx County; New York,4189.0,71422.0,32.7,1725.0,1534.0,2024,ACS 5-Year
36005042400,36,005,042400,Bronx,Census Tract 424; Bronx County; New York,2479.0,106468.0,41.1,879.0,1487.0,2024,ACS 5-Year
36005042500,36,005,042500,Bronx,Census Tract 425; Bronx County; New York,6810.0,48280.0,34.3,2751.0,1618.0,2024,ACS 5-Year
36005042600,36,005,042600,Bronx,Census Tract 426; Bronx County; New York,6669.0,99764.0,41.1,3101.0,1855.0,2024,ACS 5-Year
36005042800,36,005,042800,Bronx,Census Tract 428; Bronx County; New York,2381.0,168646.0,46.9,1268.0,1735.0,2024,ACS 5-Year
36005042901,36,005,042901,Bronx,Census Tract 429.01; Bronx County; New York,3397.0,46779.0,33.9,1571.0,1620.0,2024,ACS 5-Year
36005042902,36,005,042902,Bronx,Census Tract 429.02; Bronx County; New York,3656.0,44663.0,40.7,1550.0,1535.0,2024,ACS 5-Year
36005043000,36,005,043000,Bronx,Census Tract 430; Bronx County; New York,3004.0,85074.0,51.2,1332.0,1850.0,2024,ACS 5-Year
36005043101,36,005,043101,Bronx,Census Tract 431.01; Bronx County; New York,5051.0,40089.0,39.6,2064.0,1482.0,2024,ACS 5-Year
36005043102,36,005,043102,Bronx,Census Tract 431.02; Bronx County; New York,4458.0,50926.0,38.8,1784.0,1584.0,2024,ACS 5-Year
36005043400,36,005,043400,Bronx,Census Tract 434; Bronx County; New York,3921.0,76036.0,40.5,2150.0,1771.0,2024,ACS 5-Year
36005043501,36,005,043501,Bronx,Census Tract 435.01; Bronx County; New York,1011.0,,29.7,381.0,1492.0,2024,ACS 5-Year
36005043502,36,005,043502,Bronx,Census Tract 435.02; Bronx County; New York,0.0,,,0.0,,2024,ACS 5-Year
36005043503,36,005,043503,Bronx,Census Tract 435.03; Bronx County; New York,0.0,,,0.0,,2024,ACS 5-Year
36005043600,36,005,043600,Bronx,Census Tract 436; Bronx County; New York,2362.0,84735.0,37.9,977.0,1794.0,2024,ACS 5-Year
36005044200,36,005,044200,Bronx,Census Tract 442; Bronx County; New York,4007.0,56434.0,43.1,1232.0,1333.0,2024,ACS 5-Year
36005044400,36,005,044400,Bronx,Census Tract 444; Bronx County; New York,4293.0,89615.0,37.2,1757.0,1735.0,2024,ACS 5-Year
36005044800,36,005,044800,Bronx,Census Tract 448; Bronx County; New York,2374.0,104094.0,40.6,1173.0,1247.0,2024,ACS 5-Year
36005044901,36,005,044901,Bronx,Census Tract 449.01; Bronx County; New York,2045.0,91419.0,39.4,1162.0,1579.0,2024,ACS 5-Year
36005044902,36,005,044902,Bronx,Census Tract 449.02; Bronx County; New York,2175.0,99297.0,35.8,1296.0,1832.0,2024,ACS 5-Year
36005045101,36,005,045101,Bronx,Census Tract 451.01; Bronx County; New York,1695.0,77246.0,46.7,837.0,1551.0,2024,ACS 5-Year
36005045102,36,005,045102,Bronx,Census Tract 451.02; Bronx County; New York,2068.0,99395.0,35.8,1131.0,2279.0,2024,ACS 5-Year
36005045600,36,005,045600,Bronx,Census Tract 456; Bronx County; New York,3552.0,79386.0,39.4,1895.0,1949.0,2024,ACS 5-Year
36005045800,36,005,045800,Bronx,Census Tract 458; Bronx County; New York,5523.0,30453.0,26.7,1789.0,608.0,2024,ACS 5-Year
36005046000,36,005,046000,Bronx,Census Tract 460; Bronx County; New York,2800.0,44355.0,38.7,1167.0,1160.0,2024,ACS 5-Year
36005046203,36,005,046203,Bronx,Census Tract 462.03; Bronx County; New York,6756.0,40755.0,61.3,1962.0,1061.0,2024,ACS 5-Year
36005046204,36,005,046204,Bronx,Census Tract 462.04; Bronx County; New York,5259.0,63652.0,41.8,2389.0,1493.0,2024,ACS 5-Year
36005046205,36,005,046205,Bronx,Census Tract 462.05; Bronx County; New York,3633.0,75679.0,49.4,1809.0,1641.0,2024,ACS 5-Year
36005046206,36,005,046206,Bronx,Census Tract 462.06; Bronx County; New York,3971.0,67234.0,50.8,2263.0,1149.0,2024,ACS 5-Year
36005046207,36,005,046207,Bronx,Census Tract 462.07; Bronx County; New York,6535.0,59838.0,42.3,2676.0,1385.0,2024,ACS 5-Year
36005046208,36,005,046208,Bronx,Census Tract 462.08; Bronx County; New York,5145.0,87061.0,39.2,2233.0,2394.0,2024,ACS 5-Year
36005046209,36,005,046209,Bronx,Census Tract 462.09; Bronx County; New York,4436.0,30185.0,26.7,1495.0,769.0,2024,ACS 5-Year
36005048401,36,005,048401,Bronx,Census Tract 484.01; Bronx County; New York,3892.0,88862.0,37.6,1826.0,1848.0,2024,ACS 5-Year
36005048402,36,005,048402,Bronx,Census Tract 484.02; Bronx County; New York,0.0,,,0.0,,2024,ACS 5-Year
36005050400,36,005,050400,Bronx,Census Tract 504; Bronx County; New York,0.0,,,0.0,,2024,ACS 5-Year
36005051601,36,005,051601,Bronx,Census Tract 516.01; Bronx County; New York,3828.0,103125.0,60.5,1338.0,1826.0,2024,ACS 5-Year
36005051602,36,005,051602,Bronx,Census Tract 516.02; Bronx County; New York,0.0,,,0.0,,2024,ACS 5-Year
36047000100,36,047,000100,Brooklyn,Census Tract 1; Kings County; New York,4815.0,178162.0,45.2,2911.0,3118.0,2024,ACS 5-Year
36047000200,36,047,000200,Brooklyn,Census Tract 2; Kings County; New York,1288.0,79375.0,35.0,646.0,2006.0,2024,ACS 5-Year
36047000301,36,047,000301,Brooklyn,Census Tract 3.01; Kings County; New York,4501.0,185128.0,40.4,2476.0,2765.0,2024,ACS 5-Year
36047000501,36,047,000501,Brooklyn,Census Tract 5.01; Kings County; New York,4541.0,141364.0,36.3,2533.0,3155.0,2024,ACS 5-Year
36047000502,36,047,000502,Brooklyn,Census Tract 5.02; Kings County; New York,2704.0,168013.0,37.5,1547.0,2469.0,2024,ACS 5-Year
36047000700,36,047,000700,Brooklyn,Census Tract 7; Kings County; New York,4243.0,201827.0,35.0,2638.0,3472.0,2024,ACS 5-Year
36047000900,36,047,000900,Brooklyn,Census Tract 9; Kings County; New York,5227.0,205500.0,34.6,3288.0,3501.0,2024,ACS 5-Year
36047001100,36,047,001100,Brooklyn,Census Tract 11; Kings County; New York,1580.0,203958.0,32.6,1246.0,3501.0,2024,ACS 5-Year
36047001300,36,047,001300,Brooklyn,Census Tract 13; Kings County; New York,2518.0,139866.0,36.3,1610.0,3433.0,2024,ACS 5-Year
36047001501,36,047,001501,Brooklyn,Census Tract 15.01; Kings County; New York,4565.0,142560.0,32.3,2639.0,3174.0,2024,ACS 5-Year
36047001502,36,047,001502,Brooklyn,Census Tract 15.02; Kings County; New York,5238.0,138179.0,31.4,3500.0,3501.0,2024,ACS 5-Year
36047001801,36,047,001801,Brooklyn,Census Tract 18.01; Kings County; New York,1588.0,,35.9,0.0,,2024,ACS 5-Year
36047001802,36,047,001802,Brooklyn,Census Tract 18.02; Kings County; New York,0.0,,,0.0,,2024,ACS 5-Year
36047001803,36,047,001803,Brooklyn,Census Tract 18.03; Kings County; New York,11.0,,60.4,0.0,,2024,ACS 5-Year
36047001804,36,047,001804,Brooklyn,Census Tract 18.04; Kings County; New York,0.0,,,0.0,,2024,ACS 5-Year
36047002000,36,047,002000,Brooklyn,Census Tract 20; Kings County; New York,1733.0,81458.0,36.2,699.0,1862.0,2024,ACS 5-Year
36047002100,36,047,002100,Brooklyn,Census Tract 21; Kings County; New York,6452.0,250001.0,34.7,4405.0,3501.0,2024,ACS 5-Year
36047002200,36,047,002200,Brooklyn,Census Tract 22; Kings County; New York,4650.0,41852.0,38.4,1743.0,1371.0,2024,ACS 5-Year
36047002300,36,047,002300,Brooklyn,Census Tract 23; Kings County; New York,3385.0,34977.0,46.6,1226.0,652.0,2024,ACS 5-Year
36047002901,36,047,002901,Brooklyn,Census Tract 29.01; Kings County; New York,3177.0,22855.0,36.9,708.0,616.0,2024,ACS 5-Year
36047003000,36,047,003000,Brooklyn,Census Tract 30; Kings County; New York,1844.0,130473.0,40.2,1065.0,1793.0,2024,ACS 5-Year
36047003101,36,047,003101,Brooklyn,Census Tract 31.01; Kings County; New York,4074.0,158500.0,35.1,2277.0,3501.0,2024,ACS 5-Year
36047003102,36,047,003102,Brooklyn,Census Tract 31.02; Kings County; New York,0.0,,,0.0,,2024,ACS 5-Year
36047003300,36,047,003300,Brooklyn,Census Tract 33; Kings County; New York,4125.0,136217.0,34.0,2760.0,3250.0,2024,ACS 5-Year
36047003400,36,047,003400,Brooklyn,Census Tract 34; Kings County; New York,3351.0,113143.0,45.9,1768.0,1800.0,2024,ACS 5-Year
36047003500,36,047,003500,Brooklyn,Census Tract 35; Kings County; New York,2178.0,123417.0,37.1,1447.0,2873.0,2024,ACS 5-Year
36047003600,36,047,003600,Brooklyn,Census Tract 36; Kings County; New York,3843.0,91583.0,42.9,1865.0,1788.0,2024,ACS 5-Year
36047003700,36,047,003700,Brooklyn,Census Tract 37; Kings County; New York,4385.0,181404.0,33.9,3036.0,3501.0,2024,ACS 5-Year
36047003800,36,047,003800,Brooklyn,Census Tract 38; Kings County; New York,1539.0,135313.0,46.7,794.0,2174.0,2024,ACS 5-Year
36047003900,36,047,003900,Brooklyn,Census Tract 39; Kings County; New York,2986.0,187273.0,36.1,1868.0,2917.0,2024,ACS 5-Year
36047004100,36,047,004100,Brooklyn,Census Tract 41; Kings County; New York,3314.0,229002.0,35.5,2000.0,3231.0,2024,ACS 5-Year
36047004300,36,047,004300,Brooklyn,Census Tract 43; Kings County; New York,3769.0,161875.0,35.6,2520.0,3075.0,2024,ACS 5-Year
36047004400,36,047,004400,Brooklyn,Census Tract 44; Kings County; New York,2255.0,142143.0,55.5,932.0,1787.0,2024,ACS 5-Year
36047004500,36,047,004500,Brooklyn,Census Tract 45; Kings County; New York,3898.0,189833.0,36.7,2523.0,3501.0,2024,ACS 5-Year
36047004600,36,047,004600,Brooklyn,Census Tract 46; Kings County; New York,1143.0,134773.0,51.5,515.0,1848.0,2024,ACS 5-Year
36047004700,36,047,004700,Brooklyn,Census Tract 47; Kings County; New York,1999.0,145341.0,38.2,1036.0,2118.0,2024,ACS 5-Year
36047004900,36,047,004900,Brooklyn,Census Tract 49; Kings County; New York,2795.0,166667.0,40.0,1294.0,2948.0,2024,ACS 5-Year
36047005000,36,047,005000,Brooklyn,Census Tract 50; Kings County; New York,2564.0,134013.0,42.6,1154.0,1877.0,2024,ACS 5-Year
36047005100,36,047,005100,Brooklyn,Census Tract 51; Kings County; New York,2439.0,178913.0,38.4,1534.0,2912.0,2024,ACS 5-Year
36047005201,36,047,005201,Brooklyn,Census Tract 52.01; Kings County; New York,1751.0,40789.0,59.2,683.0,,2024,ACS 5-Year
36047005202,36,047,005202,Brooklyn,Census Tract 52.02; Kings County; New York,2681.0,107143.0,49.2,1437.0,2036.0,2024,ACS 5-Year
36047005301,36,047,005301,Brooklyn,Census Tract 53.01; Kings County; New York,2095.0,126071.0,43.4,1327.0,2236.0,2024,ACS 5-Year
36047005302,36,047,005302,Brooklyn,Census Tract 53.02; Kings County; New York,123.0,139609.0,36.3,65.0,,2024,ACS 5-Year
36047005303,36,047,005303,Brooklyn,Census Tract 53.03; Kings County; New York,136.0,203750.0,40.5,105.0,,2024,ACS 5-Year
36047005400,36,047,005400,Brooklyn,Census Tract 54; Kings County; New York,3425.0,85342.0,45.8,2145.0,1977.0,2024,ACS 5-Year
36047005601,36,047,005601,Brooklyn,Census Tract 56.01; Kings County; New York,2577.0,104598.0,43.5,1424.0,1805.0,2024,ACS 5-Year
36047005602,36,047,005602,Brooklyn,Census Tract 56.02; Kings County; New York,1791.0,96397.0,44.2,1075.0,1717.0,2024,ACS 5-Year
36047005800,36,047,005800,Brooklyn,Census Tract 58; Kings County; New York,3115.0,77648.0,44.1,1577.0,1945.0,2024,ACS 5-Year
36047005900,36,047,005900,Brooklyn,Census Tract 59; Kings County; New York,1518.0,110288.0,40.2,833.0,2429.0,2024,ACS 5-Year
36047006000,36,047,006000,Brooklyn,Census Tract 60; Kings County; New York,2793.0,88542.0,38.6,1208.0,2034.0,2024,ACS 5-Year
36047006200,36,047,006200,Brooklyn,Census Tract 62; Kings County; New York,2653.0,83500.0,40.5,1298.0,1901.0,2024,ACS 5-Year
36047006300,36,047,006300,Brooklyn,Census Tract 63; Kings County; New York,1904.0,188519.0,38.4,1175.0,3169.0,2024,ACS 5-Year
36047006400,36,047,006400,Brooklyn,Census Tract 64; Kings County; New York,3463.0,98846.0,37.9,1653.0,1728.0,2024,ACS 5-Year
36047006500,36,047,006500,Brooklyn,Census Tract 65; Kings County; New York,6089.0,202355.0,40.0,3798.0,3095.0,2024,ACS 5-Year
36047006600,36,047,006600,Brooklyn,Census Tract 66; Kings County; New York,4104.0,98158.0,39.3,2263.0,1820.0,2024,ACS 5-Year
36047006700,36,047,006700,Brooklyn,Census Tract 67; Kings County; New York,4032.0,214931.0,36.9,2091.0,2988.0,2024,ACS 5-Year
36047006800,36,047,006800,Brooklyn,Census Tract 68; Kings County; New York,4117.0,80938.0,41.2,1966.0,1671.0,2024,ACS 5-Year
36047006901,36,047,006901,Brooklyn,Census Tract 69.01; Kings County; New York,1785.0,149936.0,39.8,1076.0,3501.0,2024,ACS 5-Year
36047006902,36,047,006902,Brooklyn,Census Tract 69.02; Kings County; New York,1906.0,226136.0,33.5,1164.0,3390.0,2024,ACS 5-Year
36047007000,36,047,007000,Brooklyn,Census Tract 70; Kings County; New York,2591.0,87198.0,51.3,1208.0,1636.0,2024,ACS 5-Year
36047007100,36,047,007100,Brooklyn,Census Tract 71; Kings County; New York,4050.0,53786.0,34.4,1598.0,1145.0,2024,ACS 5-Year
36047007200,36,047,007200,Brooklyn,Census Tract 72; Kings County; New York,1759.0,64000.0,33.4,878.0,1764.0,2024,ACS 5-Year
36047007400,36,047,007400,Brooklyn,Census Tract 74; Kings County; New York,5478.0,73454.0,35.7,2757.0,1691.0,2024,ACS 5-Year
36047007500,36,047,007500,Brooklyn,Census Tract 75; Kings County; New York,4766.0,169375.0,40.7,2635.0,3274.0,2024,ACS 5-Year
36047007600,36,047,007600,Brooklyn,Census Tract 76; Kings County; New York,4096.0,73681.0,33.7,1803.0,1847.0,2024,ACS 5-Year
36047007700,36,047,007700,Brooklyn,Census Tract 77; Kings County; New York,5974.0,212827.0,36.3,3840.0,3168.0,2024,ACS 5-Year
36047007800,36,047,007800,Brooklyn,Census Tract 78; Kings County; New York,4713.0,79981.0,32.8,2314.0,1942.0,2024,ACS 5-Year
36047008000,36,047,008000,Brooklyn,Census Tract 80; Kings County; New York,3296.0,71250.0,44.2,1540.0,1738.0,2024,ACS 5-Year
36047008200,36,047,008200,Brooklyn,Census Tract 82; Kings County; New York,3985.0,53500.0,39.0,1862.0,1710.0,2024,ACS 5-Year
36047008400,36,047,008400,Brooklyn,Census Tract 84; Kings County; New York,2994.0,116100.0,38.0,1683.0,1608.0,2024,ACS 5-Year
36047008500,36,047,008500,Brooklyn,Census Tract 85; Kings County; New York,6401.0,27854.0,42.8,2301.0,543.0,2024,ACS 5-Year
36047008600,36,047,008600,Brooklyn,Census Tract 86; Kings County; New York,0.0,,,0.0,,2024,ACS 5-Year
36047008800,36,047,008800,Brooklyn,Census Tract 88; Kings County; New York,3221.0,95707.0,40.4,1684.0,2058.0,2024,ACS 5-Year
36047009001,36,047,009001,Brooklyn,Census Tract 90.01; Kings County; New York,1305.0,45945.0,39.2,639.0,1975.0,2024,ACS 5-Year
36047009002,36,047,009002,Brooklyn,Census Tract 90.02; Kings County; New York,1549.0,62225.0,26.0,592.0,1726.0,2024,ACS 5-Year
36047009201,36,047,009201,Brooklyn,Census Tract 92.01; Kings County; New York,1986.0,83824.0,41.8,1090.0,2050.0,2024,ACS 5-Year
36047009202,36,047,009202,Brooklyn,Census Tract 92.02; Kings County; New York,2648.0,53641.0,38.8,1393.0,1693.0,2024,ACS 5-Year
36047009401,36,047,009401,Brooklyn,Census Tract 94.01; Kings County; New York,1946.0,49620.0,39.2,809.0,1547.0,2024,ACS 5-Year
36047009402,36,047,009402,Brooklyn,Census Tract 94.02; Kings County; New York,3280.0,85929.0,35.8,1567.0,1895.0,2024,ACS 5-Year
36047009600,36,047,009600,Brooklyn,Census Tract 96; Kings County; New York,6040.0,83664.0,37.6,3057.0,1947.0,2024,ACS 5-Year
36047009800,36,047,009800,Brooklyn,Census Tract 98; Kings County; New York,6713.0,60679.0,36.2,3038.0,1761.0,2024,ACS 5-Year
36047010000,36,047,010000,Brooklyn,Census Tract 100; Kings County; New York,5489.0,57881.0,39.3,2755.0,1938.0,2024,ACS 5-Year
36047010100,36,047,010100,Brooklyn,Census Tract 101; Kings County; New York,4606.0,136705.0,34.0,2663.0,2359.0,2024,ACS 5-Year
36047010200,36,047,010200,Brooklyn,Census Tract 102; Kings County; New York,5201.0,65668.0,39.4,2222.0,2009.0,2024,ACS 5-Year
36047010401,36,047,010401,Brooklyn,Census Tract 104.01; Kings County; New York,2060.0,56875.0,43.1,972.0,1477.0,2024,ACS 5-Year
36047010402,36,047,010402,Brooklyn,Census Tract 104.02; Kings County; New York,2174.0,40255.0,41.8,818.0,1582.0,2024,ACS 5-Year
36047010601,36,047,010601,Brooklyn,Census Tract 106.01; Kings County; New York,2138.0,45106.0,28.8,852.0,1566.0,2024,ACS 5-Year
36047010602,36,047,010602,Brooklyn,Census Tract 106.02; Kings County; New York,2088.0,65372.0,39.7,1000.0,1374.0,2024,ACS 5-Year
36047010801,36,047,010801,Brooklyn,Census Tract 108.01; Kings County; New York,1878.0,66143.0,36.8,879.0,1721.0,2024,ACS 5-Year
36047010802,36,047,010802,Brooklyn,Census Tract 108.02; Kings County; New York,2419.0,69479.0,40.5,1066.0,1670.0,2024,ACS 5-Year
36047011000,36,047,011000,Brooklyn,Census Tract 110; Kings County; New York,2535.0,86932.0,38.1,1274.0,1816.0,2024,ACS 5-Year
36047011200,36,047,011200,Brooklyn,Census Tract 112; Kings County; New York,6611.0,60348.0,34.3,2619.0,1511.0,2024,ACS 5-Year
36047011400,36,047,011400,Brooklyn,Census Tract 114; Kings County; New York,3683.0,74063.0,34.9,1367.0,1710.0,2024,ACS 5-Year
36047011600,36,047,011600,Brooklyn,Census Tract 116; Kings County; New York,3233.0,65551.0,35.7,1486.0,1808.0,2024,ACS 5-Year
36047011700,36,047,011700,Brooklyn,Census Tract 117; Kings County; New York,2792.0,153348.0,36.9,1605.0,2440.0,2024,ACS 5-Year
36047011800,36,047,011800,Brooklyn,Census Tract 118; Kings County; New York,1867.0,62273.0,40.8,958.0,1785.0,2024,ACS 5-Year
36047011901,36,047,011901,Brooklyn,Census Tract 119.01; Kings County; New York,1378.0,165179.0,35.7,850.0,2633.0,2024,ACS 5-Year
36047011902,36,047,011902,Brooklyn,Census Tract 119.02; Kings County; New York,0.0,,,0.0,,2024,ACS 5-Year
36047012000,36,047,012000,Brooklyn,Census Tract 120; Kings County; New York,1225.0,72987.0,35.1,559.0,1692.0,2024,ACS 5-Year
36047012100,36,047,012100,Brooklyn,Census Tract 121; Kings County; New York,2157.0,130357.0,35.4,1378.0,2904.0,2024,ACS 5-Year
36047012200,36,047,012200,Brooklyn,Census Tract 122; Kings County; New York,4655.0,54071.0,31.5,2245.0,1939.0,2024,ACS 5-Year
36047012600,36,047,012600,Brooklyn,Census Tract 126; Kings County; New York,3020.0,81477.0,33.7,1482.0,1994.0,2024,ACS 5-Year
36047012700,36,047,012700,Brooklyn,Census Tract 127; Kings County; New York,4286.0,63750.0,37.1,2096.0,1779.0,2024,ACS 5-Year
36047012801,36,047,012801,Brooklyn,Census Tract 128.01; Kings County; New York,1987.0,74306.0,36.4,873.0,1821.0,2024,ACS 5-Year
36047012901,36,047,012901,Brooklyn,Census Tract 129.01; Kings County; New York,2539.0,250001.0,37.5,1736.0,3456.0,2024,ACS 5-Year
36047012902,36,047,012902,Brooklyn,Census Tract 129.02; Kings County; New York,3822.0,183510.0,33.3,2751.0,3172.0,2024,ACS 5-Year
36047013000,36,047,013000,Brooklyn,Census Tract 130; Kings County; New York,5598.0,78942.0,34.3,2380.0,1863.0,2024,ACS 5-Year
36047013100,36,047,013100,Brooklyn,Census Tract 131; Kings County; New York,3533.0,107083.0,37.9,1968.0,2693.0,2024,ACS 5-Year
36047013200,36,047,013200,Brooklyn,Census Tract 132; Kings County; New York,2088.0,81429.0,45.7,744.0,2359.0,2024,ACS 5-Year
36047013300,36,047,013300,Brooklyn,Census Tract 133; Kings County; New York,4264.0,201298.0,36.0,2489.0,3094.0,2024,ACS 5-Year
36047013400,36,047,013400,Brooklyn,Census Tract 134; Kings County; New York,4209.0,99886.0,36.2,2133.0,1973.0,2024,ACS 5-Year
36047013500,36,047,013500,Brooklyn,Census Tract 135; Kings County; New York,4294.0,221920.0,38.2,2337.0,3294.0,2024,ACS 5-Year
36047013600,36,047,013600,Brooklyn,Census Tract 136; Kings County; New York,4090.0,88182.0,40.3,2138.0,1970.0,2024,ACS 5-Year
36047013700,36,047,013700,Brooklyn,Census Tract 137; Kings County; New York,3101.0,170600.0,35.0,1963.0,3050.0,2024,ACS 5-Year
36047013800,36,047,013800,Brooklyn,Census Tract 138; Kings County; New York,3800.0,112703.0,34.5,1753.0,1994.0,2024,ACS 5-Year
36047013900,36,047,013900,Brooklyn,Census Tract 139; Kings County; New York,3574.0,173378.0,35.7,2263.0,2676.0,2024,ACS 5-Year
36047014000,36,047,014000,Brooklyn,Census Tract 140; Kings County; New York,1791.0,61111.0,40.9,686.0,1689.0,2024,ACS 5-Year
36047014101,36,047,014101,Brooklyn,Census Tract 141.01; Kings County; New York,1483.0,215104.0,37.2,805.0,2931.0,2024,ACS 5-Year
36047014102,36,047,014102,Brooklyn,Census Tract 141.02; Kings County; New York,2032.0,113750.0,41.6,958.0,2564.0,2024,ACS 5-Year
36047014200,36,047,014200,Brooklyn,Census Tract 142; Kings County; New York,3534.0,81250.0,34.9,1610.0,1898.0,2024,ACS 5-Year
36047014300,36,047,014300,Brooklyn,Census Tract 143; Kings County; New York,3675.0,119594.0,33.8,2263.0,2757.0,2024,ACS 5-Year
36047014500,36,047,014500,Brooklyn,Census Tract 145; Kings County; New York,4681.0,117800.0,34.8,2881.0,2395.0,2024,ACS 5-Year
36047014700,36,047,014700,Brooklyn,Census Tract 147; Kings County; New York,2373.0,162847.0,36.1,1269.0,2529.0,2024,ACS 5-Year
36047014800,36,047,014800,Brooklyn,Census Tract 148; Kings County; New York,1233.0,88787.0,45.5,564.0,2119.0,2024,ACS 5-Year
36047014901,36,047,014901,Brooklyn,Census Tract 149.01; Kings County; New York,1540.0,166161.0,39.0,885.0,3114.0,2024,ACS 5-Year
36047014902,36,047,014902,Brooklyn,Census Tract 149.02; Kings County; New York,4054.0,171346.0,38.0,2617.0,2545.0,2024,ACS 5-Year
36047015000,36,047,015000,Brooklyn,Census Tract 150; Kings County; New York,1437.0,63594.0,46.5,492.0,1921.0,2024,ACS 5-Year
36047015100,36,047,015100,Brooklyn,Census Tract 151; Kings County; New York,4060.0,188866.0,42.3,2359.0,3154.0,2024,ACS 5-Year
36047015200,36,047,015200,Brooklyn,Census Tract 152; Kings County; New York,2294.0,92454.0,46.7,1135.0,2152.0,2024,ACS 5-Year
36047015300,36,047,015300,Brooklyn,Census Tract 153; Kings County; New York,2638.0,154286.0,40.6,1714.0,2686.0,2024,ACS 5-Year
36047015400,36,047,015400,Brooklyn,Census Tract 154; Kings County; New York,0.0,,,0.0,,2024,ACS 5-Year
36047015500,36,047,015500,Brooklyn,Census Tract 155; Kings County; New York,3443.0,206176.0,39.8,1928.0,3177.0,2024,ACS 5-Year
36047015700,36,047,015700,Brooklyn,Census Tract 157; Kings County; New York,5071.0,209940.0,35.5,3156.0,3437.0,2024,ACS 5-Year
36047015900,36,047,015900,Brooklyn,Census Tract 159; Kings County; New York,5377.0,201858.0,38.9,3543.0,2911.0,2024,ACS 5-Year
36047016000,36,047,016000,Brooklyn,Census Tract 160; Kings County; New York,4426.0,83920.0,40.0,2523.0,1784.0,2024,ACS 5-Year
36047016100,36,047,016100,Brooklyn,Census Tract 161; Kings County; New York,3468.0,172234.0,38.9,2248.0,2551.0,2024,ACS 5-Year
36047016200,36,047,016200,Brooklyn,Census Tract 162; Kings County; New York,2267.0,100278.0,46.1,1169.0,1822.0,2024,ACS 5-Year
36047016300,36,047,016300,Brooklyn,Census Tract 163; Kings County; New York,4370.0,196630.0,34.6,2548.0,3501.0,2024,ACS 5-Year
36047016400,36,047,016400,Brooklyn,Census Tract 164; Kings County; New York,980.0,106875.0,25.8,153.0,3501.0,2024,ACS 5-Year
36047016500,36,047,016500,Brooklyn,Census Tract 165; Kings County; New York,5742.0,250001.0,38.2,3707.0,3330.0,2024,ACS 5-Year
36047016600,36,047,016600,Brooklyn,Census Tract 166; Kings County; New York,2201.0,114635.0,44.5,961.0,1987.0,2024,ACS 5-Year
36047016700,36,047,016700,Brooklyn,Census Tract 167; Kings County; New York,4800.0,190125.0,40.1,2821.0,2670.0,2024,ACS 5-Year
36047016800,36,047,016800,Brooklyn,Census Tract 168; Kings County; New York,1763.0,118341.0,42.8,961.0,1935.0,2024,ACS 5-Year
36047016900,36,047,016900,Brooklyn,Census Tract 169; Kings County; New York,4714.0,140727.0,41.2,2820.0,2374.0,2024,ACS 5-Year
36047017000,36,047,017000,Brooklyn,Census Tract 170; Kings County; New York,3503.0,102417.0,43.8,1682.0,1979.0,2024,ACS 5-Year
36047017100,36,047,017100,Brooklyn,Census Tract 171; Kings County; New York,4139.0,174646.0,39.8,2093.0,2530.0,2024,ACS 5-Year
36047017200,36,047,017200,Brooklyn,Census Tract 172; Kings County; New York,2746.0,136096.0,47.7,1162.0,1519.0,2024,ACS 5-Year
36047017400,36,047,017400,Brooklyn,Census Tract 174; Kings County; New York,1925.0,103594.0,46.3,992.0,2224.0,2024,ACS 5-Year
36047017500,36,047,017500,Brooklyn,Census Tract 175; Kings County; New York,0.0,,,0.0,,2024,ACS 5-Year
36047017600,36,047,017600,Brooklyn,Census Tract 176; Kings County; New York,2228.0,90833.0,48.4,1286.0,1778.0,2024,ACS 5-Year
36047017700,36,047,017700,Brooklyn,Census Tract 177; Kings County; New York,0.0,,,0.0,,2024,ACS 5-Year
36047017800,36,047,017800,Brooklyn,Census Tract 178; Kings County; New York,2517.0,91923.0,41.8,1102.0,1805.0,2024,ACS 5-Year
36047017900,36,047,017900,Brooklyn,Census Tract 179; Kings County; New York,4183.0,103836.0,40.2,1697.0,1455.0,2024,ACS 5-Year
36047018000,36,047,018000,Brooklyn,Census Tract 180; Kings County; New York,2948.0,59936.0,40.7,1255.0,1563.0,2024,ACS 5-Year
36047018100,36,047,018100,Brooklyn,Census Tract 181; Kings County; New York,3905.0,175294.0,34.7,2702.0,2813.0,2024,ACS 5-Year
36047018200,36,047,018200,Brooklyn,Census Tract 182; Kings County; New York,3708.0,78750.0,38.0,1729.0,1842.0,2024,ACS 5-Year
36047018300,36,047,018300,Brooklyn,Census Tract 183; Kings County; New York,2821.0,194519.0,35.4,2026.0,3073.0,2024,ACS 5-Year
36047018400,36,047,018400,Brooklyn,Census Tract 184; Kings County; New York,2108.0,81467.0,47.5,1030.0,1750.0,2024,ACS 5-Year
36047018501,36,047,018501,Brooklyn,Census Tract 185.01; Kings County; New York,4583.0,44877.0,39.1,1780.0,1084.0,2024,ACS 5-Year
36047018600,36,047,018600,Brooklyn,Census Tract 186; Kings County; New York,1907.0,76667.0,45.7,1081.0,1853.0,2024,ACS 5-Year
36047018700,36,047,018700,Brooklyn,Census Tract 187; Kings County; New York,1356.0,139231.0,40.4,756.0,3501.0,2024,ACS 5-Year
36047018800,36,047,018800,Brooklyn,Census Tract 188; Kings County; New York,2865.0,38227.0,40.6,1292.0,2101.0,2024,ACS 5-Year
36047019000,36,047,019000,Brooklyn,Census Tract 190; Kings County; New York,4171.0,48824.0,41.1,2173.0,1483.0,2024,ACS 5-Year
36047019100,36,047,019100,Brooklyn,Census Tract 191; Kings County; New York,3029.0,148929.0,32.9,1823.0,3016.0,2024,ACS 5-Year
36047019200,36,047,019200,Brooklyn,Census Tract 192; Kings County; New York,3118.0,72303.0,33.0,1077.0,1765.0,2024,ACS 5-Year
36047019300,36,047,019300,Brooklyn,Census Tract 193; Kings County; New York,6619.0,79505.0,30.9,3103.0,2400.0,2024,ACS 5-Year
36047019400,36,047,019400,Brooklyn,Census Tract 194; Kings County; New York,3293.0,66080.0,40.4,1853.0,1778.0,2024,ACS 5-Year
36047019500,36,047,019500,Brooklyn,Census Tract 195; Kings County; New York,4104.0,139329.0,41.6,2123.0,2290.0,2024,ACS 5-Year
36047019600,36,047,019600,Brooklyn,Census Tract 196; Kings County; New York,3872.0,74292.0,47.9,1433.0,1864.0,2024,ACS 5-Year
36047019700,36,047,019700,Brooklyn,Census Tract 197; Kings County; New York,3619.0,121235.0,41.9,2105.0,2460.0,2024,ACS 5-Year
36047019800,36,047,019800,Brooklyn,Census Tract 198; Kings County; New York,1823.0,78673.0,40.9,888.0,2063.0,2024,ACS 5-Year
36047019900,36,047,019900,Brooklyn,Census Tract 199; Kings County; New York,4311.0,130688.0,32.0,2889.0,2910.0,2024,ACS 5-Year
36047020000,36,047,020000,Brooklyn,Census Tract 200; Kings County; New York,2337.0,98214.0,40.8,1127.0,2263.0,2024,ACS 5-Year
36047020100,36,047,020100,Brooklyn,Census Tract 201; Kings County; New York,3993.0,150978.0,38.0,2518.0,3166.0,2024,ACS 5-Year
36047020200,36,047,020200,Brooklyn,Census Tract 202; Kings County; New York,1717.0,79643.0,43.7,765.0,1570.0,2024,ACS 5-Year
36047020300,36,047,020300,Brooklyn,Census Tract 203; Kings County; New York,2074.0,160795.0,36.3,1376.0,2890.0,2024,ACS 5-Year
36047020400,36,047,020400,Brooklyn,Census Tract 204; Kings County; New York,2037.0,143162.0,46.5,962.0,2216.0,2024,ACS 5-Year
36047020500,36,047,020500,Brooklyn,Census Tract 205; Kings County; New York,3834.0,164926.0,33.8,2255.0,2941.0,2024,ACS 5-Year
36047020600,36,047,020600,Brooklyn,Census Tract 206; Kings County; New York,2590.0,87446.0,41.4,998.0,1833.0,2024,ACS 5-Year
36047020700,36,047,020700,Brooklyn,Census Tract 207; Kings County; New York,4628.0,190843.0,35.1,2961.0,2588.0,2024,ACS 5-Year
36047020800,36,047,020800,Brooklyn,Census Tract 208; Kings County; New York,2573.0,65491.0,52.1,1306.0,1586.0,2024,ACS 5-Year
36047021000,36,047,021000,Brooklyn,Census Tract 210; Kings County; New York,3794.0,69970.0,37.8,1522.0,1676.0,2024,ACS 5-Year
36047021100,36,047,021100,Brooklyn,Census Tract 211; Kings County; New York,2778.0,85225.0,32.9,1444.0,2007.0,2024,ACS 5-Year
36047021200,36,047,021200,Brooklyn,Census Tract 212; Kings County; New York,3150.0,56250.0,38.9,1488.0,1553.0,2024,ACS 5-Year
36047021300,36,047,021300,Brooklyn,Census Tract 213; Kings County; New York,4523.0,82426.0,38.6,2205.0,1683.0,2024,ACS 5-Year
36047021400,36,047,021400,Brooklyn,Census Tract 214; Kings County; New York,2580.0,78214.0,24.2,981.0,1756.0,2024,ACS 5-Year
36047021500,36,047,021500,Brooklyn,Census Tract 215; Kings County; New York,5595.0,151154.0,37.9,3626.0,1941.0,2024,ACS 5-Year
36047021600,36,047,021600,Brooklyn,Census Tract 216; Kings County; New York,3885.0,47950.0,21.4,1128.0,1852.0,2024,ACS 5-Year
36047021700,36,047,021700,Brooklyn,Census Tract 217; Kings County; New York,4210.0,112957.0,33.0,2229.0,1964.0,2024,ACS 5-Year
36047021800,36,047,021800,Brooklyn,Census Tract 218; Kings County; New York,2760.0,69291.0,26.8,1028.0,1696.0,2024,ACS 5-Year
36047021900,36,047,021900,Brooklyn,Census Tract 219; Kings County; New York,4258.0,122589.0,35.3,2814.0,2182.0,2024,ACS 5-Year
36047022000,36,047,022000,Brooklyn,Census Tract 220; Kings County; New York,5854.0,59395.0,18.4,1610.0,1808.0,2024,ACS 5-Year
36047022100,36,047,022100,Brooklyn,Census Tract 221; Kings County; New York,3724.0,87021.0,34.1,2141.0,2313.0,2024,ACS 5-Year
36047022200,36,047,022200,Brooklyn,Census Tract 222; Kings County; New York,4050.0,52361.0,23.5,1464.0,1942.0,2024,ACS 5-Year
36047022400,36,047,022400,Brooklyn,Census Tract 224; Kings County; New York,5786.0,56105.0,18.6,1517.0,1833.0,2024,ACS 5-Year
36047022600,36,047,022600,Brooklyn,Census Tract 226; Kings County; New York,2844.0,86655.0,16.6,873.0,2135.0,2024,ACS 5-Year
36047022700,36,047,022700,Brooklyn,Census Tract 227; Kings County; New York,4833.0,119148.0,32.6,2807.0,2726.0,2024,ACS 5-Year
36047022800,36,047,022800,Brooklyn,Census Tract 228; Kings County; New York,3496.0,55898.0,22.3,960.0,1688.0,2024,ACS 5-Year
36047022900,36,047,022900,Brooklyn,Census Tract 229; Kings County; New York,3650.0,139609.0,32.7,2581.0,2792.0,2024,ACS 5-Year
36047023000,36,047,023000,Brooklyn,Census Tract 230; Kings County; New York,4202.0,32725.0,20.7,908.0,1586.0,2024,ACS 5-Year
36047023100,36,047,023100,Brooklyn,Census Tract 231; Kings County; New York,3530.0,160199.0,36.2,2192.0,2138.0,2024,ACS 5-Year
36047023200,36,047,023200,Brooklyn,Census Tract 232; Kings County; New York,6611.0,63094.0,17.1,1933.0,1464.0,2024,ACS 5-Year
36047023300,36,047,023300,Brooklyn,Census Tract 233; Kings County; New York,5988.0,78177.0,33.1,2888.0,2707.0,2024,ACS 5-Year
36047023400,36,047,023400,Brooklyn,Census Tract 234; Kings County; New York,5663.0,37587.0,20.7,1771.0,1584.0,2024,ACS 5-Year
36047023500,36,047,023500,Brooklyn,Census Tract 235; Kings County; New York,5527.0,111917.0,22.1,2114.0,2720.0,2024,ACS 5-Year
36047023600,36,047,023600,Brooklyn,Census Tract 236; Kings County; New York,6444.0,39479.0,17.2,1879.0,1865.0,2024,ACS 5-Year
36047023800,36,047,023800,Brooklyn,Census Tract 238; Kings County; New York,5584.0,43843.0,12.7,1157.0,1781.0,2024,ACS 5-Year
36047024000,36,047,024000,Brooklyn,Census Tract 240; Kings County; New York,5598.0,37833.0,21.6,1769.0,1824.0,2024,ACS 5-Year
36047024100,36,047,024100,Brooklyn,Census Tract 241; Kings County; New York,3154.0,141717.0,31.0,1972.0,2713.0,2024,ACS 5-Year
36047024200,36,047,024200,Brooklyn,Census Tract 242; Kings County; New York,3402.0,59276.0,19.0,885.0,2223.0,2024,ACS 5-Year
36047024300,36,047,024300,Brooklyn,Census Tract 243; Kings County; New York,4419.0,122203.0,39.4,2622.0,2211.0,2024,ACS 5-Year
36047024400,36,047,024400,Brooklyn,Census Tract 244; Kings County; New York,3556.0,76417.0,30.2,1358.0,1656.0,2024,ACS 5-Year
36047024500,36,047,024500,Brooklyn,Census Tract 245; Kings County; New York,4383.0,103194.0,35.9,2738.0,2324.0,2024,ACS 5-Year
36047024600,36,047,024600,Brooklyn,Census Tract 246; Kings County; New York,3298.0,71711.0,32.8,1273.0,1709.0,2024,ACS 5-Year
36047024700,36,047,024700,Brooklyn,Census Tract 247; Kings County; New York,2547.0,57106.0,35.6,1464.0,2376.0,2024,ACS 5-Year
36047024800,36,047,024800,Brooklyn,Census Tract 248; Kings County; New York,2543.0,79340.0,35.0,1069.0,2081.0,2024,ACS 5-Year
36047024900,36,047,024900,Brooklyn,Census Tract 249; Kings County; New York,4147.0,84746.0,31.7,2544.0,2199.0,2024,ACS 5-Year
36047025000,36,047,025000,Brooklyn,Census Tract 250; Kings County; New York,1433.0,51250.0,44.2,661.0,1525.0,2024,ACS 5-Year
36047025100,36,047,025100,Brooklyn,Census Tract 251; Kings County; New York,3990.0,58856.0,34.6,1830.0,1907.0,2024,ACS 5-Year
36047025200,36,047,025200,Brooklyn,Census Tract 252; Kings County; New York,4460.0,54012.0,44.1,1899.0,1631.0,2024,ACS 5-Year
36047025300,36,047,025300,Brooklyn,Census Tract 253; Kings County; New York,3904.0,115700.0,29.7,2116.0,2377.0,2024,ACS 5-Year
36047025400,36,047,025400,Brooklyn,Census Tract 254; Kings County; New York,3437.0,89021.0,35.4,1606.0,1831.0,2024,ACS 5-Year
36047025500,36,047,025500,Brooklyn,Census Tract 255; Kings County; New York,4940.0,26906.0,40.4,1950.0,617.0,2024,ACS 5-Year
36047025600,36,047,025600,Brooklyn,Census Tract 256; Kings County; New York,2815.0,71250.0,54.6,1396.0,1855.0,2024,ACS 5-Year
36047025700,36,047,025700,Brooklyn,Census Tract 257; Kings County; New York,3370.0,88750.0,29.2,1808.0,2559.0,2024,ACS 5-Year
36047025800,36,047,025800,Brooklyn,Census Tract 258; Kings County; New York,4068.0,67167.0,38.5,1809.0,1697.0,2024,ACS 5-Year
36047025901,36,047,025901,Brooklyn,Census Tract 259.01; Kings County; New York,2217.0,90000.0,30.2,1244.0,2039.0,2024,ACS 5-Year
36047025902,36,047,025902,Brooklyn,Census Tract 259.02; Kings County; New York,3796.0,,29.5,1165.0,496.0,2024,ACS 5-Year
36047026000,36,047,026000,Brooklyn,Census Tract 260; Kings County; New York,2909.0,68043.0,45.2,1302.0,1721.0,2024,ACS 5-Year
36047026100,36,047,026100,Brooklyn,Census Tract 261; Kings County; New York,5743.0,103274.0,31.9,3454.0,2550.0,2024,ACS 5-Year
36047026200,36,047,026200,Brooklyn,Census Tract 262; Kings County; New York,2645.0,99750.0,42.0,1253.0,1647.0,2024,ACS 5-Year
36047026300,36,047,026300,Brooklyn,Census Tract 263; Kings County; New York,2216.0,85546.0,36.3,1198.0,2060.0,2024,ACS 5-Year
36047026400,36,047,026400,Brooklyn,Census Tract 264; Kings County; New York,4554.0,69808.0,35.6,2219.0,1704.0,2024,ACS 5-Year
36047026500,36,047,026500,Brooklyn,Census Tract 265; Kings County; New York,4101.0,82088.0,33.7,2472.0,2135.0,2024,ACS 5-Year
36047026600,36,047,026600,Brooklyn,Census Tract 266; Kings County; New York,3431.0,47544.0,39.3,1333.0,1849.0,2024,ACS 5-Year
36047026700,36,047,026700,Brooklyn,Census Tract 267; Kings County; New York,4057.0,150386.0,36.4,2544.0,2408.0,2024,ACS 5-Year
36047026800,36,047,026800,Brooklyn,Census Tract 268; Kings County; New York,4416.0,90442.0,40.6,2125.0,1831.0,2024,ACS 5-Year
36047026900,36,047,026900,Brooklyn,Census Tract 269; Kings County; New York,3444.0,96006.0,33.4,1844.0,2501.0,2024,ACS 5-Year
36047027000,36,047,027000,Brooklyn,Census Tract 270; Kings County; New York,2582.0,62083.0,41.8,1082.0,1763.0,2024,ACS 5-Year
36047027100,36,047,027100,Brooklyn,Census Tract 271; Kings County; New York,3652.0,84412.0,32.5,2077.0,2407.0,2024,ACS 5-Year
36047027200,36,047,027200,Brooklyn,Census Tract 272; Kings County; New York,3750.0,59802.0,40.9,1964.0,1801.0,2024,ACS 5-Year
36047027300,36,047,027300,Brooklyn,Census Tract 273; Kings County; New York,4176.0,122093.0,34.2,2179.0,2170.0,2024,ACS 5-Year
36047027400,36,047,027400,Brooklyn,Census Tract 274; Kings County; New York,2943.0,49800.0,54.8,1155.0,1837.0,2024,ACS 5-Year
36047027500,36,047,027500,Brooklyn,Census Tract 275; Kings County; New York,5272.0,84756.0,39.1,2390.0,1705.0,2024,ACS 5-Year
36047027600,36,047,027600,Brooklyn,Census Tract 276; Kings County; New York,3680.0,63447.0,38.8,1575.0,1787.0,2024,ACS 5-Year
36047027700,36,047,027700,Brooklyn,Census Tract 277; Kings County; New York,4303.0,61042.0,34.2,1630.0,1795.0,2024,ACS 5-Year
36047027800,36,047,027800,Brooklyn,Census Tract 278; Kings County; New York,3134.0,68792.0,41.8,1464.0,1511.0,2024,ACS 5-Year
36047027900,36,047,027900,Brooklyn,Census Tract 279; Kings County; New York,4266.0,91771.0,34.7,2193.0,2314.0,2024,ACS 5-Year
36047028000,36,047,028000,Brooklyn,Census Tract 280; Kings County; New York,1708.0,95208.0,46.2,867.0,1865.0,2024,ACS 5-Year
36047028100,36,047,028100,Brooklyn,Census Tract 281; Kings County; New York,5240.0,45850.0,30.0,2365.0,2012.0,2024,ACS 5-Year
36047028200,36,047,028200,Brooklyn,Census Tract 282; Kings County; New York,3239.0,52926.0,42.4,1358.0,2012.0,2024,ACS 5-Year
36047028300,36,047,028300,Brooklyn,Census Tract 283; Kings County; New York,3976.0,53040.0,35.5,1608.0,1539.0,2024,ACS 5-Year
36047028400,36,047,028400,Brooklyn,Census Tract 284; Kings County; New York,3675.0,59954.0,41.3,1767.0,1494.0,2024,ACS 5-Year
36047028501,36,047,028501,Brooklyn,Census Tract 285.01; Kings County; New York,589.0,57969.0,33.8,390.0,1705.0,2024,ACS 5-Year
36047028502,36,047,028502,Brooklyn,Census Tract 285.02; Kings County; New York,3144.0,14944.0,39.0,899.0,486.0,2024,ACS 5-Year
36047028600,36,047,028600,Brooklyn,Census Tract 286; Kings County; New York,5092.0,47923.0,32.8,1428.0,1735.0,2024,ACS 5-Year
36047028700,36,047,028700,Brooklyn,Census Tract 287; Kings County; New York,3398.0,106462.0,31.5,1779.0,2007.0,2024,ACS 5-Year
36047028800,36,047,028800,Brooklyn,Census Tract 288; Kings County; New York,3578.0,77042.0,39.1,1662.0,1695.0,2024,ACS 5-Year
36047028900,36,047,028900,Brooklyn,Census Tract 289; Kings County; New York,4147.0,50152.0,32.8,1911.0,1712.0,2024,ACS 5-Year
36047029000,36,047,029000,Brooklyn,Census Tract 290; Kings County; New York,3710.0,62731.0,43.1,1538.0,1671.0,2024,ACS 5-Year
36047029100,36,047,029100,Brooklyn,Census Tract 291; Kings County; New York,3461.0,88153.0,33.9,2075.0,1642.0,2024,ACS 5-Year
36047029200,36,047,029200,Brooklyn,Census Tract 292; Kings County; New York,2501.0,55653.0,50.3,1113.0,1673.0,2024,ACS 5-Year
36047029300,36,047,029300,Brooklyn,Census Tract 293; Kings County; New York,3181.0,36833.0,39.7,1122.0,1126.0,2024,ACS 5-Year
36047029400,36,047,029400,Brooklyn,Census Tract 294; Kings County; New York,2072.0,91544.0,52.5,728.0,1865.0,2024,ACS 5-Year
36047029500,36,047,029500,Brooklyn,Census Tract 295; Kings County; New York,4043.0,94227.0,36.0,2225.0,2695.0,2024,ACS 5-Year
36047029600,36,047,029600,Brooklyn,Census Tract 296; Kings County; New York,6463.0,66349.0,37.8,2657.0,1842.0,2024,ACS 5-Year
36047029700,36,047,029700,Brooklyn,Census Tract 297; Kings County; New York,4004.0,70536.0,38.4,1701.0,2085.0,2024,ACS 5-Year
36047029800,36,047,029800,Brooklyn,Census Tract 298; Kings County; New York,3877.0,61059.0,36.0,1553.0,1797.0,2024,ACS 5-Year
36047029900,36,047,029900,Brooklyn,Census Tract 299; Kings County; New York,3328.0,65433.0,34.8,1429.0,2229.0,2024,ACS 5-Year
36047030000,36,047,030000,Brooklyn,Census Tract 300; Kings County; New York,4165.0,73981.0,37.2,2027.0,1891.0,2024,ACS 5-Year
36047030100,36,047,030100,Brooklyn,Census Tract 301; Kings County; New York,3171.0,98438.0,31.8,1554.0,1879.0,2024,ACS 5-Year
36047030200,36,047,030200,Brooklyn,Census Tract 302; Kings County; New York,3850.0,76005.0,46.5,1648.0,1737.0,2024,ACS 5-Year
36047030300,36,047,030300,Brooklyn,Census Tract 303; Kings County; New York,5477.0,43275.0,35.7,2239.0,1150.0,2024,ACS 5-Year
36047030400,36,047,030400,Brooklyn,Census Tract 304; Kings County; New York,4525.0,68581.0,44.7,1921.0,1948.0,2024,ACS 5-Year
36047030500,36,047,030500,Brooklyn,Census Tract 305; Kings County; New York,6968.0,122353.0,35.0,4462.0,2654.0,2024,ACS 5-Year
36047030600,36,047,030600,Brooklyn,Census Tract 306; Kings County; New York,1903.0,65985.0,50.0,807.0,2171.0,2024,ACS 5-Year
36047030700,36,047,030700,Brooklyn,Census Tract 307; Kings County; New York,6299.0,50049.0,41.3,2371.0,1022.0,2024,ACS 5-Year
36047030800,36,047,030800,Brooklyn,Census Tract 308; Kings County; New York,1792.0,50865.0,54.9,726.0,1223.0,2024,ACS 5-Year
36047030900,36,047,030900,Brooklyn,Census Tract 309; Kings County; New York,2279.0,66889.0,31.2,938.0,1949.0,2024,ACS 5-Year
36047031100,36,047,031100,Brooklyn,Census Tract 311; Kings County; New York,3534.0,106845.0,33.5,1956.0,2284.0,2024,ACS 5-Year
36047031300,36,047,031300,Brooklyn,Census Tract 313; Kings County; New York,4415.0,105407.0,42.5,2618.0,1392.0,2024,ACS 5-Year
36047031401,36,047,031401,Brooklyn,Census Tract 314.01; Kings County; New York,4912.0,101193.0,46.8,2465.0,1532.0,2024,ACS 5-Year
36047031402,36,047,031402,Brooklyn,Census Tract 314.02; Kings County; New York,0.0,,,0.0,,2024,ACS 5-Year
36047031500,36,047,031500,Brooklyn,Census Tract 315; Kings County; New York,5179.0,100899.0,32.2,3488.0,2304.0,2024,ACS 5-Year
36047031701,36,047,031701,Brooklyn,Census Tract 317.01; Kings County; New York,4300.0,101806.0,35.4,2862.0,2058.0,2024,ACS 5-Year
36047031702,36,047,031702,Brooklyn,Census Tract 317.02; Kings County; New York,3622.0,115512.0,35.0,2378.0,2261.0,2024,ACS 5-Year
36047031900,36,047,031900,Brooklyn,Census Tract 319; Kings County; New York,3412.0,90357.0,36.8,1592.0,1436.0,2024,ACS 5-Year
36047032100,36,047,032100,Brooklyn,Census Tract 321; Kings County; New York,4995.0,86685.0,35.1,3044.0,1877.0,2024,ACS 5-Year
36047032300,36,047,032300,Brooklyn,Census Tract 323; Kings County; New York,3589.0,83815.0,39.8,1987.0,1574.0,2024,ACS 5-Year
36047032500,36,047,032500,Brooklyn,Census Tract 325; Kings County; New York,7964.0,94328.0,30.5,4354.0,1641.0,2024,ACS 5-Year
36047032600,36,047,032600,Brooklyn,Census Tract 326; Kings County; New York,10531.0,49911.0,24.9,3259.0,881.0,2024,ACS 5-Year
36047032700,36,047,032700,Brooklyn,Census Tract 327; Kings County; New York,2980.0,82554.0,35.8,1572.0,1653.0,2024,ACS 5-Year
36047032800,36,047,032800,Brooklyn,Census Tract 328; Kings County; New York,2921.0,53526.0,48.2,1072.0,1139.0,2024,ACS 5-Year
36047032900,36,047,032900,Brooklyn,Census Tract 329; Kings County; New York,5411.0,92193.0,33.9,2990.0,1621.0,2024,ACS 5-Year
36047033000,36,047,033000,Brooklyn,Census Tract 330; Kings County; New York,4721.0,23583.0,40.5,1449.0,532.0,2024,ACS 5-Year
36047033100,36,047,033100,Brooklyn,Census Tract 331; Kings County; New York,3822.0,44347.0,33.7,1657.0,1611.0,2024,ACS 5-Year
36047033300,36,047,033300,Brooklyn,Census Tract 333; Kings County; New York,4519.0,103333.0,26.8,1653.0,2054.0,2024,ACS 5-Year
36047033500,36,047,033500,Brooklyn,Census Tract 335; Kings County; New York,3743.0,102188.0,27.0,1708.0,2078.0,2024,ACS 5-Year
36047033600,36,047,033600,Brooklyn,Census Tract 336; Kings County; New York,4762.0,76719.0,45.2,2227.0,1623.0,2024,ACS 5-Year
36047033701,36,047,033701,Brooklyn,Census Tract 337.01; Kings County; New York,2742.0,93620.0,30.8,1155.0,1950.0,2024,ACS 5-Year
36047033702,36,047,033702,Brooklyn,Census Tract 337.02; Kings County; New York,1993.0,87165.0,30.8,771.0,1542.0,2024,ACS 5-Year
36047033900,36,047,033900,Brooklyn,Census Tract 339; Kings County; New York,5012.0,61979.0,39.2,2286.0,1593.0,2024,ACS 5-Year
36047034000,36,047,034000,Brooklyn,Census Tract 340; Kings County; New York,2172.0,32983.0,58.7,307.0,651.0,2024,ACS 5-Year
36047034100,36,047,034100,Brooklyn,Census Tract 341; Kings County; New York,2564.0,95300.0,37.9,1315.0,2245.0,2024,ACS 5-Year
36047034200,36,047,034200,Brooklyn,Census Tract 342; Kings County; New York,6667.0,22872.0,44.0,1312.0,671.0,2024,ACS 5-Year
36047034300,36,047,034300,Brooklyn,Census Tract 343; Kings County; New York,4548.0,28750.0,36.5,1416.0,1135.0,2024,ACS 5-Year
36047034500,36,047,034500,Brooklyn,Census Tract 345; Kings County; New York,2703.0,81850.0,35.6,1694.0,2029.0,2024,ACS 5-Year
36047034700,36,047,034700,Brooklyn,Census Tract 347; Kings County; New York,3728.0,42457.0,40.0,1728.0,1455.0,2024,ACS 5-Year
36047034800,36,047,034800,Brooklyn,Census Tract 348; Kings County; New York,3011.0,53710.0,31.8,1276.0,2258.0,2024,ACS 5-Year
36047034901,36,047,034901,Brooklyn,Census Tract 349.01; Kings County; New York,2324.0,82521.0,33.8,1162.0,1470.0,2024,ACS 5-Year
36047034902,36,047,034902,Brooklyn,Census Tract 349.02; Kings County; New York,3396.0,34381.0,34.1,1579.0,1290.0,2024,ACS 5-Year
36047035000,36,047,035000,Brooklyn,Census Tract 350; Kings County; New York,3169.0,56891.0,63.9,1178.0,1330.0,2024,ACS 5-Year
36047035101,36,047,035101,Brooklyn,Census Tract 351.01; Kings County; New York,1735.0,53626.0,28.7,699.0,1566.0,2024,ACS 5-Year
36047035102,36,047,035102,Brooklyn,Census Tract 351.02; Kings County; New York,3400.0,70030.0,35.1,1589.0,1391.0,2024,ACS 5-Year
36047035200,36,047,035200,Brooklyn,Census Tract 352; Kings County; New York,1529.0,13240.0,67.9,245.0,531.0,2024,ACS 5-Year
36047035301,36,047,035301,Brooklyn,Census Tract 353.01; Kings County; New York,2483.0,46789.0,33.2,1275.0,2032.0,2024,ACS 5-Year
36047035302,36,047,035302,Brooklyn,Census Tract 353.02; Kings County; New York,3064.0,85234.0,33.7,1439.0,1936.0,2024,ACS 5-Year
36047035400,36,047,035400,Brooklyn,Census Tract 354; Kings County; New York,6075.0,63382.0,58.6,2392.0,1174.0,2024,ACS 5-Year
36047035500,36,047,035500,Brooklyn,Census Tract 355; Kings County; New York,5046.0,75139.0,48.3,2659.0,1817.0,2024,ACS 5-Year
36047035601,36,047,035601,Brooklyn,Census Tract 356.01; Kings County; New York,2326.0,28750.0,66.9,720.0,991.0,2024,ACS 5-Year
36047035602,36,047,035602,Brooklyn,Census Tract 356.02; Kings County; New York,6581.0,50456.0,51.7,2397.0,1795.0,2024,ACS 5-Year
36047035701,36,047,035701,Brooklyn,Census Tract 357.01; Kings County; New York,2398.0,45313.0,36.1,1021.0,1413.0,2024,ACS 5-Year
36047035702,36,047,035702,Brooklyn,Census Tract 357.02; Kings County; New York,0.0,,,0.0,,2024,ACS 5-Year
36047035900,36,047,035900,Brooklyn,Census Tract 359; Kings County; New York,6794.0,62774.0,33.1,2954.0,1426.0,2024,ACS 5-Year
36047036001,36,047,036001,Brooklyn,Census Tract 360.01; Kings County; New York,2844.0,30877.0,56.5,1072.0,1555.0,2024,ACS 5-Year
36047036002,36,047,036002,Brooklyn,Census Tract 360.02; Kings County; New York,3731.0,30176.0,63.0,1380.0,1450.0,2024,ACS 5-Year
36047036100,36,047,036100,Brooklyn,Census Tract 361; Kings County; New York,3358.0,37035.0,43.2,1090.0,895.0,2024,ACS 5-Year
36047036200,36,047,036200,Brooklyn,Census Tract 362; Kings County; New York,3090.0,52023.0,41.5,1495.0,1689.0,2024,ACS 5-Year
36047036300,36,047,036300,Brooklyn,Census Tract 363; Kings County; New York,5430.0,58091.0,35.2,2502.0,1307.0,2024,ACS 5-Year
36047036400,36,047,036400,Brooklyn,Census Tract 364; Kings County; New York,2288.0,63480.0,43.2,1013.0,1855.0,2024,ACS 5-Year
36047036501,36,047,036501,Brooklyn,Census Tract 365.01; Kings County; New York,3139.0,67165.0,46.9,1478.0,1157.0,2024,ACS 5-Year
36047036502,36,047,036502,Brooklyn,Census Tract 365.02; Kings County; New York,2389.0,67038.0,35.1,1127.0,1615.0,2024,ACS 5-Year
36047036600,36,047,036600,Brooklyn,Census Tract 366; Kings County; New York,4362.0,52385.0,38.2,1976.0,1707.0,2024,ACS 5-Year
36047036700,36,047,036700,Brooklyn,Census Tract 367; Kings County; New York,2091.0,70426.0,32.2,925.0,2219.0,2024,ACS 5-Year
36047036900,36,047,036900,Brooklyn,Census Tract 369; Kings County; New York,5626.0,48583.0,35.1,2426.0,1745.0,2024,ACS 5-Year
36047037000,36,047,037000,Brooklyn,Census Tract 370; Kings County; New York,4171.0,69493.0,49.2,1673.0,1795.0,2024,ACS 5-Year
36047037100,36,047,037100,Brooklyn,Census Tract 371; Kings County; New York,4309.0,87679.0,34.4,2626.0,1934.0,2024,ACS 5-Year
36047037300,36,047,037300,Brooklyn,Census Tract 373; Kings County; New York,4952.0,71786.0,36.2,2452.0,1239.0,2024,ACS 5-Year
36047037401,36,047,037401,Brooklyn,Census Tract 374.01; Kings County; New York,4758.0,59004.0,38.5,1809.0,1520.0,2024,ACS 5-Year
36047037402,36,047,037402,Brooklyn,Census Tract 374.02; Kings County; New York,5843.0,57118.0,40.7,2207.0,1634.0,2024,ACS 5-Year
36047037500,36,047,037500,Brooklyn,Census Tract 375; Kings County; New York,3748.0,91985.0,31.8,2086.0,2198.0,2024,ACS 5-Year
36047037700,36,047,037700,Brooklyn,Census Tract 377; Kings County; New York,5090.0,71786.0,35.5,2525.0,2086.0,2024,ACS 5-Year
36047037900,36,047,037900,Brooklyn,Census Tract 379; Kings County; New York,4012.0,67949.0,38.4,1764.0,1885.0,2024,ACS 5-Year
36047038100,36,047,038100,Brooklyn,Census Tract 381; Kings County; New York,5138.0,70867.0,38.7,2619.0,1691.0,2024,ACS 5-Year
36047038200,36,047,038200,Brooklyn,Census Tract 382; Kings County; New York,5225.0,22332.0,36.2,901.0,534.0,2024,ACS 5-Year
36047038300,36,047,038300,Brooklyn,Census Tract 383; Kings County; New York,5466.0,87786.0,34.0,2814.0,2247.0,2024,ACS 5-Year
36047038500,36,047,038500,Brooklyn,Census Tract 385; Kings County; New York,3823.0,114375.0,36.1,2034.0,2134.0,2024,ACS 5-Year
36047038600,36,047,038600,Brooklyn,Census Tract 386; Kings County; New York,3042.0,91857.0,41.5,1233.0,1719.0,2024,ACS 5-Year
36047038700,36,047,038700,Brooklyn,Census Tract 387; Kings County; New York,5312.0,93221.0,32.5,2907.0,2929.0,2024,ACS 5-Year
36047038800,36,047,038800,Brooklyn,Census Tract 388; Kings County; New York,5353.0,83558.0,33.3,2248.0,1979.0,2024,ACS 5-Year
36047038900,36,047,038900,Brooklyn,Census Tract 389; Kings County; New York,3277.0,98819.0,32.7,2353.0,2390.0,2024,ACS 5-Year
36047039000,36,047,039000,Brooklyn,Census Tract 390; Kings County; New York,2681.0,72143.0,29.6,743.0,1974.0,2024,ACS 5-Year
36047039100,36,047,039100,Brooklyn,Census Tract 391; Kings County; New York,5428.0,103796.0,31.4,3288.0,2581.0,2024,ACS 5-Year
36047039200,36,047,039200,Brooklyn,Census Tract 392; Kings County; New York,3091.0,54483.0,29.4,1235.0,1835.0,2024,ACS 5-Year
36047039300,36,047,039300,Brooklyn,Census Tract 393; Kings County; New York,3798.0,112566.0,32.3,2314.0,2396.0,2024,ACS 5-Year
36047039400,36,047,039400,Brooklyn,Census Tract 394; Kings County; New York,2259.0,62875.0,29.5,726.0,1987.0,2024,ACS 5-Year
36047039500,36,047,039500,Brooklyn,Census Tract 395; Kings County; New York,4083.0,84219.0,31.0,2822.0,2572.0,2024,ACS 5-Year
36047039600,36,047,039600,Brooklyn,Census Tract 396; Kings County; New York,1708.0,69563.0,41.5,758.0,1811.0,2024,ACS 5-Year
36047039700,36,047,039700,Brooklyn,Census Tract 397; Kings County; New York,3356.0,74291.0,32.7,2300.0,2265.0,2024,ACS 5-Year
36047039800,36,047,039800,Brooklyn,Census Tract 398; Kings County; New York,2586.0,89750.0,41.7,1131.0,1812.0,2024,ACS 5-Year
36047039900,36,047,039900,Brooklyn,Census Tract 399; Kings County; New York,3745.0,50329.0,32.5,1925.0,1721.0,2024,ACS 5-Year
36047040000,36,047,040000,Brooklyn,Census Tract 400; Kings County; New York,2570.0,58941.0,47.5,1189.0,1583.0,2024,ACS 5-Year
36047040100,36,047,040100,Brooklyn,Census Tract 401; Kings County; New York,3354.0,69616.0,33.0,1851.0,1953.0,2024,ACS 5-Year
36047040200,36,047,040200,Brooklyn,Census Tract 402; Kings County; New York,2414.0,76250.0,43.8,1085.0,1672.0,2024,ACS 5-Year
36047040300,36,047,040300,Brooklyn,Census Tract 403; Kings County; New York,3982.0,103792.0,33.3,2495.0,2636.0,2024,ACS 5-Year
36047040400,36,047,040400,Brooklyn,Census Tract 404; Kings County; New York,2604.0,106442.0,38.2,1301.0,1847.0,2024,ACS 5-Year
36047040500,36,047,040500,Brooklyn,Census Tract 405; Kings County; New York,1653.0,69437.0,36.5,1048.0,1986.0,2024,ACS 5-Year
36047040600,36,047,040600,Brooklyn,Census Tract 406; Kings County; New York,3726.0,79941.0,38.1,1875.0,1776.0,2024,ACS 5-Year
36047040700,36,047,040700,Brooklyn,Census Tract 407; Kings County; New York,0.0,,,0.0,,2024,ACS 5-Year
36047040800,36,047,040800,Brooklyn,Census Tract 408; Kings County; New York,3676.0,78750.0,40.9,1571.0,1946.0,2024,ACS 5-Year
36047040900,36,047,040900,Brooklyn,Census Tract 409; Kings County; New York,3891.0,78220.0,35.7,2053.0,2219.0,2024,ACS 5-Year
36047041000,36,047,041000,Brooklyn,Census Tract 410; Kings County; New York,1899.0,60694.0,42.5,651.0,1478.0,2024,ACS 5-Year
36047041100,36,047,041100,Brooklyn,Census Tract 411; Kings County; New York,2631.0,63125.0,35.8,1276.0,1885.0,2024,ACS 5-Year
36047041200,36,047,041200,Brooklyn,Census Tract 412; Kings County; New York,2789.0,95152.0,42.4,1166.0,1798.0,2024,ACS 5-Year
36047041300,36,047,041300,Brooklyn,Census Tract 413; Kings County; New York,3851.0,110996.0,28.8,2531.0,2320.0,2024,ACS 5-Year
36047041401,36,047,041401,Brooklyn,Census Tract 414.01; Kings County; New York,1237.0,71944.0,37.3,459.0,1858.0,2024,ACS 5-Year
36047041402,36,047,041402,Brooklyn,Census Tract 414.02; Kings County; New York,2062.0,39048.0,35.5,654.0,1525.0,2024,ACS 5-Year
36047041500,36,047,041500,Brooklyn,Census Tract 415; Kings County; New York,4300.0,96110.0,35.7,2518.0,2245.0,2024,ACS 5-Year
36047041600,36,047,041600,Brooklyn,Census Tract 416; Kings County; New York,1784.0,63425.0,39.5,652.0,1579.0,2024,ACS 5-Year
36047041700,36,047,041700,Brooklyn,Census Tract 417; Kings County; New York,3402.0,32028.0,37.0,1363.0,962.0,2024,ACS 5-Year
36047041800,36,047,041800,Brooklyn,Census Tract 418; Kings County; New York,2350.0,46607.0,35.1,724.0,1152.0,2024,ACS 5-Year
36047041900,36,047,041900,Brooklyn,Census Tract 419; Kings County; New York,3479.0,73958.0,29.4,1359.0,1513.0,2024,ACS 5-Year
36047042000,36,047,042000,Brooklyn,Census Tract 420; Kings County; New York,1662.0,88700.0,29.4,655.0,1850.0,2024,ACS 5-Year
36047042100,36,047,042100,Brooklyn,Census Tract 421; Kings County; New York,4712.0,94209.0,31.0,2659.0,2116.0,2024,ACS 5-Year
36047042200,36,047,042200,Brooklyn,Census Tract 422; Kings County; New York,3163.0,73033.0,30.5,1308.0,1982.0,2024,ACS 5-Year
36047042300,36,047,042300,Brooklyn,Census Tract 423; Kings County; New York,4523.0,123750.0,30.4,2867.0,3209.0,2024,ACS 5-Year
36047042400,36,047,042400,Brooklyn,Census Tract 424; Kings County; New York,3723.0,70060.0,43.5,1581.0,1692.0,2024,ACS 5-Year
36047042500,36,047,042500,Brooklyn,Census Tract 425; Kings County; New York,2709.0,86316.0,29.5,1505.0,2161.0,2024,ACS 5-Year
36047042600,36,047,042600,Brooklyn,Census Tract 426; Kings County; New York,4528.0,71840.0,39.3,1793.0,1725.0,2024,ACS 5-Year
36047042700,36,047,042700,Brooklyn,Census Tract 427; Kings County; New York,4098.0,92250.0,33.8,2799.0,2551.0,2024,ACS 5-Year
36047042800,36,047,042800,Brooklyn,Census Tract 428; Kings County; New York,3636.0,88656.0,43.9,1767.0,1560.0,2024,ACS 5-Year
36047042900,36,047,042900,Brooklyn,Census Tract 429; Kings County; New York,4630.0,65000.0,33.3,2585.0,1918.0,2024,ACS 5-Year
36047043000,36,047,043000,Brooklyn,Census Tract 430; Kings County; New York,3666.0,75417.0,37.8,1818.0,1697.0,2024,ACS 5-Year
36047043100,36,047,043100,Brooklyn,Census Tract 431; Kings County; New York,3864.0,90745.0,30.8,2741.0,2383.0,2024,ACS 5-Year
36047043200,36,047,043200,Brooklyn,Census Tract 432; Kings County; New York,3874.0,79667.0,42.3,2165.0,1478.0,2024,ACS 5-Year
36047043300,36,047,043300,Brooklyn,Census Tract 433; Kings County; New York,4029.0,59551.0,32.0,1646.0,1718.0,2024,ACS 5-Year
36047043400,36,047,043400,Brooklyn,Census Tract 434; Kings County; New York,4095.0,66763.0,34.9,1429.0,1791.0,2024,ACS 5-Year
36047043500,36,047,043500,Brooklyn,Census Tract 435; Kings County; New York,4897.0,67778.0,30.7,2620.0,2272.0,2024,ACS 5-Year
36047043600,36,047,043600,Brooklyn,Census Tract 436; Kings County; New York,4341.0,83284.0,40.4,2258.0,1695.0,2024,ACS 5-Year
36047043700,36,047,043700,Brooklyn,Census Tract 437; Kings County; New York,5034.0,77904.0,32.6,2877.0,2115.0,2024,ACS 5-Year
36047043800,36,047,043800,Brooklyn,Census Tract 438; Kings County; New York,2530.0,70066.0,35.1,1012.0,2086.0,2024,ACS 5-Year
36047043900,36,047,043900,Brooklyn,Census Tract 439; Kings County; New York,4172.0,114318.0,38.7,1903.0,1992.0,2024,ACS 5-Year
36047044000,36,047,044000,Brooklyn,Census Tract 440; Kings County; New York,2586.0,88344.0,28.3,902.0,1757.0,2024,ACS 5-Year
36047044100,36,047,044100,Brooklyn,Census Tract 441; Kings County; New York,4638.0,78526.0,34.1,2597.0,2131.0,2024,ACS 5-Year
36047044200,36,047,044200,Brooklyn,Census Tract 442; Kings County; New York,2268.0,62708.0,36.7,855.0,1638.0,2024,ACS 5-Year
36047044300,36,047,044300,Brooklyn,Census Tract 443; Kings County; New York,4740.0,94517.0,32.6,3228.0,2538.0,2024,ACS 5-Year
36047044400,36,047,044400,Brooklyn,Census Tract 444; Kings County; New York,2677.0,67554.0,34.7,1082.0,1960.0,2024,ACS 5-Year
36047044500,36,047,044500,Brooklyn,Census Tract 445; Kings County; New York,3944.0,86717.0,34.2,2134.0,2101.0,2024,ACS 5-Year
36047044600,36,047,044600,Brooklyn,Census Tract 446; Kings County; New York,2123.0,69099.0,33.6,874.0,1927.0,2024,ACS 5-Year
36047044700,36,047,044700,Brooklyn,Census Tract 447; Kings County; New York,2337.0,89511.0,35.7,1063.0,1970.0,2024,ACS 5-Year
36047044800,36,047,044800,Brooklyn,Census Tract 448; Kings County; New York,1914.0,96639.0,38.6,761.0,1832.0,2024,ACS 5-Year
36047044901,36,047,044901,Brooklyn,Census Tract 449.01; Kings County; New York,2715.0,78774.0,30.4,1269.0,1006.0,2024,ACS 5-Year
36047044902,36,047,044902,Brooklyn,Census Tract 449.02; Kings County; New York,0.0,,,0.0,,2024,ACS 5-Year
36047045000,36,047,045000,Brooklyn,Census Tract 450; Kings County; New York,1147.0,90893.0,28.5,315.0,3501.0,2024,ACS 5-Year
36047045200,36,047,045200,Brooklyn,Census Tract 452; Kings County; New York,2543.0,74250.0,28.3,1034.0,2585.0,2024,ACS 5-Year
36047045300,36,047,045300,Brooklyn,Census Tract 453; Kings County; New York,1823.0,70598.0,36.2,970.0,2232.0,2024,ACS 5-Year
36047045400,36,047,045400,Brooklyn,Census Tract 454; Kings County; New York,2075.0,94607.0,29.8,927.0,1909.0,2024,ACS 5-Year
36047045600,36,047,045600,Brooklyn,Census Tract 456; Kings County; New York,2362.0,70329.0,43.4,990.0,1707.0,2024,ACS 5-Year
36047045800,36,047,045800,Brooklyn,Census Tract 458; Kings County; New York,1373.0,58958.0,34.9,422.0,837.0,2024,ACS 5-Year
36047046000,36,047,046000,Brooklyn,Census Tract 460; Kings County; New York,2997.0,97188.0,38.0,1435.0,1827.0,2024,ACS 5-Year
36047046201,36,047,046201,Brooklyn,Census Tract 462.01; Kings County; New York,2311.0,63375.0,44.5,945.0,1556.0,2024,ACS 5-Year
36047046202,36,047,046202,Brooklyn,Census Tract 462.02; Kings County; New York,1914.0,85536.0,25.6,711.0,1850.0,2024,ACS 5-Year
36047046400,36,047,046400,Brooklyn,Census Tract 464; Kings County; New York,3327.0,72422.0,16.3,812.0,1727.0,2024,ACS 5-Year
36047046800,36,047,046800,Brooklyn,Census Tract 468; Kings County; New York,1826.0,41343.0,25.5,722.0,,2024,ACS 5-Year
36047047000,36,047,047000,Brooklyn,Census Tract 470; Kings County; New York,2629.0,75069.0,20.8,782.0,2225.0,2024,ACS 5-Year
36047047200,36,047,047200,Brooklyn,Census Tract 472; Kings County; New York,2840.0,71635.0,22.7,846.0,2087.0,2024,ACS 5-Year
36047047400,36,047,047400,Brooklyn,Census Tract 474; Kings County; New York,3211.0,99769.0,19.1,904.0,1948.0,2024,ACS 5-Year
36047047600,36,047,047600,Brooklyn,Census Tract 476; Kings County; New York,3865.0,61250.0,17.2,1088.0,1539.0,2024,ACS 5-Year
36047047700,36,047,047700,Brooklyn,Census Tract 477; Kings County; New York,3918.0,179175.0,33.7,3084.0,3501.0,2024,ACS 5-Year
36047047800,36,047,047800,Brooklyn,Census Tract 478; Kings County; New York,5251.0,60590.0,21.1,1956.0,2072.0,2024,ACS 5-Year
36047048000,36,047,048000,Brooklyn,Census Tract 480; Kings County; New York,3863.0,52940.0,31.4,1329.0,1608.0,2024,ACS 5-Year
36047048100,36,047,048100,Brooklyn,Census Tract 481; Kings County; New York,3010.0,94896.0,33.6,1648.0,2462.0,2024,ACS 5-Year
36047048200,36,047,048200,Brooklyn,Census Tract 482; Kings County; New York,5580.0,58234.0,41.1,2387.0,1586.0,2024,ACS 5-Year
36047048400,36,047,048400,Brooklyn,Census Tract 484; Kings County; New York,4912.0,96964.0,30.8,2739.0,1906.0,2024,ACS 5-Year
36047048500,36,047,048500,Brooklyn,Census Tract 485; Kings County; New York,2369.0,130278.0,31.6,1637.0,3202.0,2024,ACS 5-Year
36047048600,36,047,048600,Brooklyn,Census Tract 486; Kings County; New York,3189.0,65714.0,25.3,1080.0,2002.0,2024,ACS 5-Year
36047048800,36,047,048800,Brooklyn,Census Tract 488; Kings County; New York,4933.0,76110.0,34.7,1963.0,2105.0,2024,ACS 5-Year
36047048900,36,047,048900,Brooklyn,Census Tract 489; Kings County; New York,3597.0,26070.0,27.4,937.0,546.0,2024,ACS 5-Year
36047049000,36,047,049000,Brooklyn,Census Tract 490; Kings County; New York,5371.0,77917.0,36.8,2716.0,1951.0,2024,ACS 5-Year
36047049100,36,047,049100,Brooklyn,Census Tract 491; Kings County; New York,6213.0,46137.0,46.5,2586.0,1143.0,2024,ACS 5-Year
36047049200,36,047,049200,Brooklyn,Census Tract 492; Kings County; New York,3115.0,103269.0,39.4,1518.0,1769.0,2024,ACS 5-Year
36047049301,36,047,049301,Brooklyn,Census Tract 493.01; Kings County; New York,1941.0,19440.0,30.7,549.0,441.0,2024,ACS 5-Year
36047049302,36,047,049302,Brooklyn,Census Tract 493.02; Kings County; New York,4714.0,82423.0,33.5,2586.0,2007.0,2024,ACS 5-Year
36047049400,36,047,049400,Brooklyn,Census Tract 494; Kings County; New York,5710.0,97625.0,41.3,3156.0,1914.0,2024,ACS 5-Year
36047049500,36,047,049500,Brooklyn,Census Tract 495; Kings County; New York,3284.0,141250.0,34.2,2287.0,2902.0,2024,ACS 5-Year
36047049600,36,047,049600,Brooklyn,Census Tract 496; Kings County; New York,4225.0,66920.0,36.8,1774.0,1899.0,2024,ACS 5-Year
36047049700,36,047,049700,Brooklyn,Census Tract 497; Kings County; New York,3361.0,144872.0,33.2,2366.0,2542.0,2024,ACS 5-Year
36047049800,36,047,049800,Brooklyn,Census Tract 498; Kings County; New York,3950.0,77692.0,37.1,2111.0,1777.0,2024,ACS 5-Year
36047049900,36,047,049900,Brooklyn,Census Tract 499; Kings County; New York,2480.0,146106.0,33.3,1717.0,3124.0,2024,ACS 5-Year
36047050001,36,047,050001,Brooklyn,Census Tract 500.01; Kings County; New York,2282.0,124177.0,48.6,1047.0,1988.0,2024,ACS 5-Year
36047050002,36,047,050002,Brooklyn,Census Tract 500.02; Kings County; New York,1548.0,124107.0,40.0,912.0,2473.0,2024,ACS 5-Year
36047050100,36,047,050100,Brooklyn,Census Tract 501; Kings County; New York,3089.0,126696.0,33.5,1932.0,2413.0,2024,ACS 5-Year
36047050202,36,047,050202,Brooklyn,Census Tract 502.02; Kings County; New York,2413.0,132670.0,41.8,1257.0,2145.0,2024,ACS 5-Year
36047050300,36,047,050300,Brooklyn,Census Tract 503; Kings County; New York,2803.0,173548.0,33.2,2322.0,2892.0,2024,ACS 5-Year
36047050401,36,047,050401,Brooklyn,Census Tract 504.01; Kings County; New York,2518.0,156033.0,40.1,1614.0,2310.0,2024,ACS 5-Year
36047050402,36,047,050402,Brooklyn,Census Tract 504.02; Kings County; New York,1950.0,166100.0,42.8,1228.0,2122.0,2024,ACS 5-Year
36047050500,36,047,050500,Brooklyn,Census Tract 505; Kings County; New York,4121.0,57500.0,34.9,2317.0,1370.0,2024,ACS 5-Year
36047050600,36,047,050600,Brooklyn,Census Tract 506; Kings County; New York,5233.0,69276.0,40.6,2936.0,1896.0,2024,ACS 5-Year
36047050700,36,047,050700,Brooklyn,Census Tract 507; Kings County; New York,4369.0,59158.0,14.5,983.0,1947.0,2024,ACS 5-Year
36047050801,36,047,050801,Brooklyn,Census Tract 508.01; Kings County; New York,3910.0,74333.0,32.7,1792.0,1778.0,2024,ACS 5-Year
36047050803,36,047,050803,Brooklyn,Census Tract 508.03; Kings County; New York,2282.0,68496.0,34.6,1482.0,1873.0,2024,ACS 5-Year
36047050804,36,047,050804,Brooklyn,Census Tract 508.04; Kings County; New York,6637.0,110317.0,36.4,3882.0,2187.0,2024,ACS 5-Year
36047050900,36,047,050900,Brooklyn,Census Tract 509; Kings County; New York,5206.0,42361.0,15.9,1756.0,2201.0,2024,ACS 5-Year
36047051001,36,047,051001,Brooklyn,Census Tract 510.01; Kings County; New York,4488.0,59583.0,34.0,2090.0,1668.0,2024,ACS 5-Year
36047051002,36,047,051002,Brooklyn,Census Tract 510.02; Kings County; New York,3675.0,71007.0,38.0,1996.0,1671.0,2024,ACS 5-Year
36047051100,36,047,051100,Brooklyn,Census Tract 511; Kings County; New York,3817.0,88457.0,33.4,2264.0,1930.0,2024,ACS 5-Year
36047051200,36,047,051200,Brooklyn,Census Tract 512; Kings County; New York,6227.0,96719.0,35.9,3891.0,1717.0,2024,ACS 5-Year
36047051300,36,047,051300,Brooklyn,Census Tract 513; Kings County; New York,5970.0,136207.0,32.3,3524.0,2952.0,2024,ACS 5-Year
36047051400,36,047,051400,Brooklyn,Census Tract 514; Kings County; New York,7213.0,100000.0,39.5,4069.0,1771.0,2024,ACS 5-Year
36047051500,36,047,051500,Brooklyn,Census Tract 515; Kings County; New York,2891.0,246707.0,33.2,2163.0,3501.0,2024,ACS 5-Year
36047051601,36,047,051601,Brooklyn,Census Tract 516.01; Kings County; New York,4936.0,72304.0,36.4,2644.0,1645.0,2024,ACS 5-Year
36047051602,36,047,051602,Brooklyn,Census Tract 516.02; Kings County; New York,3477.0,77801.0,39.7,1787.0,1843.0,2024,ACS 5-Year
36047051700,36,047,051700,Brooklyn,Census Tract 517; Kings County; New York,3087.0,234444.0,33.6,2111.0,3501.0,2024,ACS 5-Year
36047051800,36,047,051800,Brooklyn,Census Tract 518; Kings County; New York,3391.0,112589.0,37.1,2209.0,1903.0,2024,ACS 5-Year
36047051900,36,047,051900,Brooklyn,Census Tract 519; Kings County; New York,6051.0,221375.0,33.4,5019.0,3501.0,2024,ACS 5-Year
36047052000,36,047,052000,Brooklyn,Census Tract 520; Kings County; New York,3511.0,126102.0,40.5,1790.0,1654.0,2024,ACS 5-Year
36047052300,36,047,052300,Brooklyn,Census Tract 523; Kings County; New York,5077.0,74454.0,32.7,2961.0,2107.0,2024,ACS 5-Year
36047052500,36,047,052500,Brooklyn,Census Tract 525; Kings County; New York,3321.0,70625.0,30.8,1411.0,2138.0,2024,ACS 5-Year
36047052600,36,047,052600,Brooklyn,Census Tract 526; Kings County; New York,3938.0,91500.0,37.4,2247.0,2155.0,2024,ACS 5-Year
36047052700,36,047,052700,Brooklyn,Census Tract 527; Kings County; New York,5553.0,59632.0,34.1,2738.0,1775.0,2024,ACS 5-Year
36047052800,36,047,052800,Brooklyn,Census Tract 528; Kings County; New York,1764.0,121000.0,43.0,905.0,1920.0,2024,ACS 5-Year
36047052900,36,047,052900,Brooklyn,Census Tract 529; Kings County; New York,3723.0,39549.0,29.0,1344.0,1874.0,2024,ACS 5-Year
36047053000,36,047,053000,Brooklyn,Census Tract 530; Kings County; New York,3329.0,78621.0,40.6,1476.0,1810.0,2024,ACS 5-Year
36047053101,36,047,053101,Brooklyn,Census Tract 531.01; Kings County; New York,3020.0,,16.5,920.0,2016.0,2024,ACS 5-Year
36047053102,36,047,053102,Brooklyn,Census Tract 531.02; Kings County; New York,7846.0,76635.0,15.8,2200.0,2934.0,2024,ACS 5-Year
36047053200,36,047,053200,Brooklyn,Census Tract 532; Kings County; New York,2280.0,72500.0,44.9,983.0,1873.0,2024,ACS 5-Year
36047053300,36,047,053300,Brooklyn,Census Tract 533; Kings County; New York,6551.0,34519.0,21.0,1749.0,1681.0,2024,ACS 5-Year
36047053400,36,047,053400,Brooklyn,Census Tract 534; Kings County; New York,4620.0,83421.0,30.2,1879.0,1626.0,2024,ACS 5-Year
36047053500,36,047,053500,Brooklyn,Census Tract 535; Kings County; New York,4611.0,49244.0,18.4,1132.0,1761.0,2024,ACS 5-Year
36047053700,36,047,053700,Brooklyn,Census Tract 537; Kings County; New York,4803.0,44085.0,13.7,928.0,1446.0,2024,ACS 5-Year
36047053800,36,047,053800,Brooklyn,Census Tract 538; Kings County; New York,5186.0,65556.0,41.3,2270.0,1867.0,2024,ACS 5-Year
36047053900,36,047,053900,Brooklyn,Census Tract 539; Kings County; New York,2470.0,46914.0,44.4,824.0,1301.0,2024,ACS 5-Year
36047054200,36,047,054200,Brooklyn,Census Tract 542; Kings County; New York,4061.0,56481.0,41.2,1608.0,1681.0,2024,ACS 5-Year
36047054300,36,047,054300,Brooklyn,Census Tract 543; Kings County; New York,0.0,,,0.0,,2024,ACS 5-Year
36047054400,36,047,054400,Brooklyn,Census Tract 544; Kings County; New York,3544.0,55938.0,38.4,1490.0,1854.0,2024,ACS 5-Year
36047054500,36,047,054500,Brooklyn,Census Tract 545; Kings County; New York,8349.0,42071.0,24.4,2171.0,528.0,2024,ACS 5-Year
36047054600,36,047,054600,Brooklyn,Census Tract 546; Kings County; New York,5373.0,74651.0,39.3,2591.0,1826.0,2024,ACS 5-Year
36047054700,36,047,054700,Brooklyn,Census Tract 547; Kings County; New York,9666.0,87047.0,24.1,3804.0,3071.0,2024,ACS 5-Year
36047054800,36,047,054800,Brooklyn,Census Tract 548; Kings County; New York,2304.0,83500.0,30.6,941.0,2154.0,2024,ACS 5-Year
36047054900,36,047,054900,Brooklyn,Census Tract 549; Kings County; New York,4530.0,183091.0,31.4,2771.0,3440.0,2024,ACS 5-Year
36047055000,36,047,055000,Brooklyn,Census Tract 550; Kings County; New York,3408.0,59955.0,43.3,1485.0,1694.0,2024,ACS 5-Year
36047055100,36,047,055100,Brooklyn,Census Tract 551; Kings County; New York,6185.0,171952.0,35.6,4166.0,3279.0,2024,ACS 5-Year
36047055200,36,047,055200,Brooklyn,Census Tract 552; Kings County; New York,3359.0,69861.0,48.8,1775.0,1600.0,2024,ACS 5-Year
36047055300,36,047,055300,Brooklyn,Census Tract 553; Kings County; New York,3605.0,144083.0,33.3,2301.0,2827.0,2024,ACS 5-Year
36047055400,36,047,055400,Brooklyn,Census Tract 554; Kings County; New York,3989.0,64894.0,39.1,1872.0,1728.0,2024,ACS 5-Year
36047055500,36,047,055500,Brooklyn,Census Tract 555; Kings County; New York,8974.0,205860.0,31.9,6832.0,3501.0,2024,ACS 5-Year
36047055600,36,047,055600,Brooklyn,Census Tract 556; Kings County; New York,3353.0,69485.0,39.1,1155.0,2055.0,2024,ACS 5-Year
36047055700,36,047,055700,Brooklyn,Census Tract 557; Kings County; New York,1702.0,136250.0,33.6,1333.0,3501.0,2024,ACS 5-Year
36047055800,36,047,055800,Brooklyn,Census Tract 558; Kings County; New York,2145.0,61786.0,42.7,946.0,1567.0,2024,ACS 5-Year
36047056000,36,047,056000,Brooklyn,Census Tract 560; Kings County; New York,3477.0,74104.0,39.8,1460.0,1783.0,2024,ACS 5-Year
36047056100,36,047,056100,Brooklyn,Census Tract 561; Kings County; New York,3698.0,151875.0,37.1,2536.0,2760.0,2024,ACS 5-Year
36047056200,36,047,056200,Brooklyn,Census Tract 562; Kings County; New York,1779.0,102083.0,32.1,602.0,3501.0,2024,ACS 5-Year
36047056301,36,047,056301,Brooklyn,Census Tract 563.01; Kings County; New York,4688.0,133636.0,34.5,3143.0,2853.0,2024,ACS 5-Year
36047056302,36,047,056302,Brooklyn,Census Tract 563.02; Kings County; New York,2449.0,76351.0,34.1,1593.0,2303.0,2024,ACS 5-Year
36047056400,36,047,056400,Brooklyn,Census Tract 564; Kings County; New York,2631.0,86392.0,52.1,1172.0,1964.0,2024,ACS 5-Year
36047056500,36,047,056500,Brooklyn,Census Tract 565; Kings County; New York,3332.0,115329.0,37.0,2295.0,2753.0,2024,ACS 5-Year
36047056600,36,047,056600,Brooklyn,Census Tract 566; Kings County; New York,2287.0,69286.0,54.2,839.0,1747.0,2024,ACS 5-Year
36047056800,36,047,056800,Brooklyn,Census Tract 568; Kings County; New York,1319.0,75521.0,50.8,585.0,1620.0,2024,ACS 5-Year
36047056900,36,047,056900,Brooklyn,Census Tract 569; Kings County; New York,1662.0,159286.0,35.9,1020.0,2844.0,2024,ACS 5-Year
36047057000,36,047,057000,Brooklyn,Census Tract 570; Kings County; New York,3480.0,80216.0,60.5,1446.0,2574.0,2024,ACS 5-Year
36047057100,36,047,057100,Brooklyn,Census Tract 571; Kings County; New York,3923.0,125272.0,36.5,2596.0,2506.0,2024,ACS 5-Year
36047057200,36,047,057200,Brooklyn,Census Tract 572; Kings County; New York,5501.0,31864.0,29.7,1805.0,826.0,2024,ACS 5-Year
36047057300,36,047,057300,Brooklyn,Census Tract 573; Kings County; New York,2720.0,150885.0,35.0,1891.0,2704.0,2024,ACS 5-Year
36047057400,36,047,057400,Brooklyn,Census Tract 574; Kings County; New York,2647.0,92813.0,50.7,1270.0,1608.0,2024,ACS 5-Year
36047057500,36,047,057500,Brooklyn,Census Tract 575; Kings County; New York,4596.0,128804.0,34.7,3388.0,2495.0,2024,ACS 5-Year
36047057600,36,047,057600,Brooklyn,Census Tract 576; Kings County; New York,2649.0,98750.0,49.7,1305.0,2222.0,2024,ACS 5-Year
36047057800,36,047,057800,Brooklyn,Census Tract 578; Kings County; New York,2923.0,61919.0,37.3,1140.0,1721.0,2024,ACS 5-Year
36047057901,36,047,057901,Brooklyn,Census Tract 579.01; Kings County; New York,1512.0,141754.0,34.2,1037.0,2756.0,2024,ACS 5-Year
36047057902,36,047,057902,Brooklyn,Census Tract 579.02; Kings County; New York,0.0,,,0.0,,2024,ACS 5-Year
36047058000,36,047,058000,Brooklyn,Census Tract 580; Kings County; New York,3008.0,38945.0,35.3,1298.0,1608.0,2024,ACS 5-Year
36047058200,36,047,058200,Brooklyn,Census Tract 582; Kings County; New York,2585.0,60811.0,33.6,1119.0,1672.0,2024,ACS 5-Year
36047058400,36,047,058400,Brooklyn,Census Tract 584; Kings County; New York,3588.0,70870.0,42.9,1626.0,1901.0,2024,ACS 5-Year
36047058600,36,047,058600,Brooklyn,Census Tract 586; Kings County; New York,2264.0,70167.0,38.2,907.0,1845.0,2024,ACS 5-Year
36047058800,36,047,058800,Brooklyn,Census Tract 588; Kings County; New York,3539.0,96838.0,56.0,1842.0,1710.0,2024,ACS 5-Year
36047058901,36,047,058901,Brooklyn,Census Tract 589.01; Kings County; New York,2103.0,114659.0,36.6,1119.0,2551.0,2024,ACS 5-Year
36047058902,36,047,058902,Brooklyn,Census Tract 589.02; Kings County; New York,0.0,,,0.0,,2024,ACS 5-Year
36047059000,36,047,059000,Brooklyn,Census Tract 590; Kings County; New York,1903.0,103619.0,51.2,804.0,1893.0,2024,ACS 5-Year
36047059100,36,047,059100,Brooklyn,Census Tract 591; Kings County; New York,3952.0,133795.0,37.7,2565.0,2713.0,2024,ACS 5-Year
36047059200,36,047,059200,Brooklyn,Census Tract 592; Kings County; New York,3747.0,61944.0,53.6,1489.0,1752.0,2024,ACS 5-Year
36047059300,36,047,059300,Brooklyn,Census Tract 593; Kings County; New York,2669.0,110625.0,36.2,1437.0,2173.0,2024,ACS 5-Year
36047059402,36,047,059402,Brooklyn,Census Tract 594.02; Kings County; New York,5713.0,68625.0,49.7,2782.0,1772.0,2024,ACS 5-Year
36047059403,36,047,059403,Brooklyn,Census Tract 594.03; Kings County; New York,3062.0,67232.0,41.0,1213.0,1513.0,2024,ACS 5-Year
36047059404,36,047,059404,Brooklyn,Census Tract 594.04; Kings County; New York,3934.0,65520.0,35.2,1767.0,1602.0,2024,ACS 5-Year
36047059600,36,047,059600,Brooklyn,Census Tract 596; Kings County; New York,2261.0,56757.0,56.1,1171.0,1555.0,2024,ACS 5-Year
36047059800,36,047,059800,Brooklyn,Census Tract 598; Kings County; New York,3212.0,81051.0,39.8,1234.0,2040.0,2024,ACS 5-Year
36047060000,36,047,060000,Brooklyn,Census Tract 600; Kings County; New York,6451.0,75671.0,47.2,3079.0,1751.0,2024,ACS 5-Year
36047060600,36,047,060600,Brooklyn,Census Tract 606; Kings County; New York,2792.0,76080.0,46.5,1440.0,2054.0,2024,ACS 5-Year
36047060800,36,047,060800,Brooklyn,Census Tract 608; Kings County; New York,3549.0,73546.0,43.6,1790.0,1791.0,2024,ACS 5-Year
36047061002,36,047,061002,Brooklyn,Census Tract 610.02; Kings County; New York,4696.0,71944.0,55.7,2437.0,1886.0,2024,ACS 5-Year
36047061003,36,047,061003,Brooklyn,Census Tract 610.03; Kings County; New York,2038.0,51054.0,30.0,683.0,1660.0,2024,ACS 5-Year
36047061004,36,047,061004,Brooklyn,Census Tract 610.04; Kings County; New York,5278.0,40931.0,53.3,2260.0,1584.0,2024,ACS 5-Year
36047061200,36,047,061200,Brooklyn,Census Tract 612; Kings County; New York,1118.0,141094.0,49.8,596.0,2108.0,2024,ACS 5-Year
36047061600,36,047,061600,Brooklyn,Census Tract 616; Kings County; New York,1626.0,183095.0,63.5,591.0,1218.0,2024,ACS 5-Year
36047062000,36,047,062000,Brooklyn,Census Tract 620; Kings County; New York,1516.0,111932.0,52.0,713.0,1723.0,2024,ACS 5-Year
36047062200,36,047,062200,Brooklyn,Census Tract 622; Kings County; New York,2822.0,68821.0,41.9,935.0,2011.0,2024,ACS 5-Year
36047062600,36,047,062600,Brooklyn,Census Tract 626; Kings County; New York,3046.0,67218.0,46.8,1325.0,1749.0,2024,ACS 5-Year
36047062800,36,047,062800,Brooklyn,Census Tract 628; Kings County; New York,4838.0,110377.0,44.1,1902.0,1729.0,2024,ACS 5-Year
36047063200,36,047,063200,Brooklyn,Census Tract 632; Kings County; New York,1409.0,82941.0,60.8,664.0,1151.0,2024,ACS 5-Year
36047063600,36,047,063600,Brooklyn,Census Tract 636; Kings County; New York,1093.0,148056.0,42.3,484.0,,2024,ACS 5-Year
36047063800,36,047,063800,Brooklyn,Census Tract 638; Kings County; New York,1882.0,82188.0,38.5,804.0,1994.0,2024,ACS 5-Year
36047064000,36,047,064000,Brooklyn,Census Tract 640; Kings County; New York,1327.0,143214.0,39.7,531.0,2114.0,2024,ACS 5-Year
36047064200,36,047,064200,Brooklyn,Census Tract 642; Kings County; New York,2379.0,75735.0,44.6,832.0,1684.0,2024,ACS 5-Year
36047064400,36,047,064400,Brooklyn,Census Tract 644; Kings County; New York,2182.0,79259.0,38.2,974.0,2064.0,2024,ACS 5-Year
36047064600,36,047,064600,Brooklyn,Census Tract 646; Kings County; New York,2154.0,99067.0,36.4,741.0,1447.0,2024,ACS 5-Year
36047064800,36,047,064800,Brooklyn,Census Tract 648; Kings County; New York,1828.0,111406.0,44.7,748.0,2329.0,2024,ACS 5-Year
36047065000,36,047,065000,Brooklyn,Census Tract 650; Kings County; New York,1286.0,92673.0,48.6,589.0,1686.0,2024,ACS 5-Year
36047065200,36,047,065200,Brooklyn,Census Tract 652; Kings County; New York,1121.0,94000.0,50.8,349.0,2129.0,2024,ACS 5-Year
36047065400,36,047,065400,Brooklyn,Census Tract 654; Kings County; New York,1654.0,118000.0,39.6,639.0,1813.0,2024,ACS 5-Year
36047065600,36,047,065600,Brooklyn,Census Tract 656; Kings County; New York,1675.0,126607.0,41.6,793.0,2813.0,2024,ACS 5-Year
36047065800,36,047,065800,Brooklyn,Census Tract 658; Kings County; New York,1756.0,92014.0,43.3,706.0,1561.0,2024,ACS 5-Year
36047066000,36,047,066000,Brooklyn,Census Tract 660; Kings County; New York,1893.0,151719.0,39.0,960.0,3501.0,2024,ACS 5-Year
36047066200,36,047,066200,Brooklyn,Census Tract 662; Kings County; New York,1159.0,61083.0,58.7,446.0,2504.0,2024,ACS 5-Year
36047066600,36,047,066600,Brooklyn,Census Tract 666; Kings County; New York,0.0,,,0.0,,2024,ACS 5-Year
36047067000,36,047,067000,Brooklyn,Census Tract 670; Kings County; New York,2486.0,91979.0,40.0,1226.0,2028.0,2024,ACS 5-Year
36047067200,36,047,067200,Brooklyn,Census Tract 672; Kings County; New York,1389.0,84280.0,40.9,759.0,2057.0,2024,ACS 5-Year
36047067400,36,047,067400,Brooklyn,Census Tract 674; Kings County; New York,1909.0,126705.0,47.4,914.0,2302.0,2024,ACS 5-Year
36047067600,36,047,067600,Brooklyn,Census Tract 676; Kings County; New York,1510.0,97750.0,43.5,709.0,2083.0,2024,ACS 5-Year
36047067800,36,047,067800,Brooklyn,Census Tract 678; Kings County; New York,2569.0,84612.0,42.0,1157.0,1800.0,2024,ACS 5-Year
36047068000,36,047,068000,Brooklyn,Census Tract 680; Kings County; New York,1759.0,114904.0,40.0,757.0,1593.0,2024,ACS 5-Year
36047068200,36,047,068200,Brooklyn,Census Tract 682; Kings County; New York,2907.0,102000.0,40.3,1324.0,2893.0,2024,ACS 5-Year
36047068600,36,047,068600,Brooklyn,Census Tract 686; Kings County; New York,1649.0,112646.0,41.2,880.0,2038.0,2024,ACS 5-Year
36047068800,36,047,068800,Brooklyn,Census Tract 688; Kings County; New York,1584.0,98750.0,44.5,905.0,1468.0,2024,ACS 5-Year
36047069000,36,047,069000,Brooklyn,Census Tract 690; Kings County; New York,1668.0,137650.0,43.3,833.0,1842.0,2024,ACS 5-Year
36047069200,36,047,069200,Brooklyn,Census Tract 692; Kings County; New York,2301.0,104712.0,42.0,1282.0,2058.0,2024,ACS 5-Year
36047069601,36,047,069601,Brooklyn,Census Tract 696.01; Kings County; New York,3434.0,101760.0,40.3,1944.0,2457.0,2024,ACS 5-Year
36047069602,36,047,069602,Brooklyn,Census Tract 696.02; Kings County; New York,5847.0,119451.0,47.7,2888.0,1704.0,2024,ACS 5-Year
36047069800,36,047,069800,Brooklyn,Census Tract 698; Kings County; New York,1397.0,128194.0,40.0,565.0,2244.0,2024,ACS 5-Year
36047070000,36,047,070000,Brooklyn,Census Tract 700; Kings County; New York,1214.0,95331.0,47.5,642.0,1759.0,2024,ACS 5-Year
36047070201,36,047,070201,Brooklyn,Census Tract 702.01; Kings County; New York,6531.0,130174.0,41.6,2312.0,2314.0,2024,ACS 5-Year
36047070202,36,047,070202,Brooklyn,Census Tract 702.02; Kings County; New York,14.0,,,14.0,,2024,ACS 5-Year
36047070203,36,047,070203,Brooklyn,Census Tract 702.03; Kings County; New York,0.0,,,0.0,,2024,ACS 5-Year
36047070601,36,047,070601,Brooklyn,Census Tract 706.01; Kings County; New York,2437.0,148214.0,43.4,1148.0,1902.0,2024,ACS 5-Year
36047070602,36,047,070602,Brooklyn,Census Tract 706.02; Kings County; New York,0.0,,,0.0,,2024,ACS 5-Year
36047072000,36,047,072000,Brooklyn,Census Tract 720; Kings County; New York,1678.0,76912.0,43.6,852.0,2034.0,2024,ACS 5-Year
36047072200,36,047,072200,Brooklyn,Census Tract 722; Kings County; New York,2242.0,,48.7,1199.0,1765.0,2024,ACS 5-Year
36047072400,36,047,072400,Brooklyn,Census Tract 724; Kings County; New York,1586.0,69263.0,44.7,749.0,1640.0,2024,ACS 5-Year
36047072600,36,047,072600,Brooklyn,Census Tract 726; Kings County; New York,2672.0,97292.0,43.0,1217.0,2175.0,2024,ACS 5-Year
36047072800,36,047,072800,Brooklyn,Census Tract 728; Kings County; New York,3153.0,62333.0,48.9,1288.0,2120.0,2024,ACS 5-Year
36047073000,36,047,073000,Brooklyn,Census Tract 730; Kings County; New York,2109.0,132227.0,44.8,1109.0,1840.0,2024,ACS 5-Year
36047073200,36,047,073200,Brooklyn,Census Tract 732; Kings County; New York,1877.0,85846.0,38.6,724.0,1565.0,2024,ACS 5-Year
36047073400,36,047,073400,Brooklyn,Census Tract 734; Kings County; New York,1142.0,138750.0,49.5,701.0,1443.0,2024,ACS 5-Year
36047073600,36,047,073600,Brooklyn,Census Tract 736; Kings County; New York,2918.0,82358.0,46.3,1642.0,1672.0,2024,ACS 5-Year
36047073800,36,047,073800,Brooklyn,Census Tract 738; Kings County; New York,3517.0,73125.0,38.6,1526.0,1707.0,2024,ACS 5-Year
36047074000,36,047,074000,Brooklyn,Census Tract 740; Kings County; New York,3287.0,68125.0,40.3,1456.0,2136.0,2024,ACS 5-Year
36047074200,36,047,074200,Brooklyn,Census Tract 742; Kings County; New York,2516.0,80240.0,41.7,1113.0,1766.0,2024,ACS 5-Year
36047074400,36,047,074400,Brooklyn,Census Tract 744; Kings County; New York,2648.0,140391.0,22.6,900.0,1174.0,2024,ACS 5-Year
36047074600,36,047,074600,Brooklyn,Census Tract 746; Kings County; New York,2385.0,113750.0,35.4,989.0,1652.0,2024,ACS 5-Year
36047074800,36,047,074800,Brooklyn,Census Tract 748; Kings County; New York,1504.0,82266.0,37.7,648.0,1367.0,2024,ACS 5-Year
36047075000,36,047,075000,Brooklyn,Census Tract 750; Kings County; New York,2804.0,103125.0,36.4,1253.0,1941.0,2024,ACS 5-Year
36047075200,36,047,075200,Brooklyn,Census Tract 752; Kings County; New York,1146.0,141250.0,22.3,356.0,3501.0,2024,ACS 5-Year
36047075400,36,047,075400,Brooklyn,Census Tract 754; Kings County; New York,1000.0,115851.0,62.2,476.0,,2024,ACS 5-Year
36047075600,36,047,075600,Brooklyn,Census Tract 756; Kings County; New York,1720.0,77273.0,48.1,709.0,1760.0,2024,ACS 5-Year
36047075800,36,047,075800,Brooklyn,Census Tract 758; Kings County; New York,1400.0,69662.0,68.8,392.0,1203.0,2024,ACS 5-Year
36047076000,36,047,076000,Brooklyn,Census Tract 760; Kings County; New York,3205.0,75174.0,41.0,1555.0,1496.0,2024,ACS 5-Year
36047076200,36,047,076200,Brooklyn,Census Tract 762; Kings County; New York,4224.0,54725.0,34.3,1661.0,1502.0,2024,ACS 5-Year
36047076400,36,047,076400,Brooklyn,Census Tract 764; Kings County; New York,4302.0,81813.0,36.4,2225.0,1748.0,2024,ACS 5-Year
36047076600,36,047,076600,Brooklyn,Census Tract 766; Kings County; New York,2126.0,95563.0,38.9,1327.0,1857.0,2024,ACS 5-Year
36047076800,36,047,076800,Brooklyn,Census Tract 768; Kings County; New York,3895.0,73125.0,32.9,1570.0,1988.0,2024,ACS 5-Year
36047077000,36,047,077000,Brooklyn,Census Tract 770; Kings County; New York,2780.0,76921.0,36.9,1453.0,1802.0,2024,ACS 5-Year
36047077200,36,047,077200,Brooklyn,Census Tract 772; Kings County; New York,3068.0,80855.0,45.7,1424.0,1732.0,2024,ACS 5-Year
36047077400,36,047,077400,Brooklyn,Census Tract 774; Kings County; New York,2906.0,72488.0,33.3,1596.0,1692.0,2024,ACS 5-Year
36047077600,36,047,077600,Brooklyn,Census Tract 776; Kings County; New York,3448.0,71983.0,54.7,1575.0,1761.0,2024,ACS 5-Year
36047078000,36,047,078000,Brooklyn,Census Tract 780; Kings County; New York,2170.0,138611.0,43.1,968.0,2191.0,2024,ACS 5-Year
36047078200,36,047,078200,Brooklyn,Census Tract 782; Kings County; New York,4086.0,69558.0,46.8,1784.0,1747.0,2024,ACS 5-Year
36047078400,36,047,078400,Brooklyn,Census Tract 784; Kings County; New York,2463.0,99653.0,41.6,1116.0,2264.0,2024,ACS 5-Year
36047078601,36,047,078601,Brooklyn,Census Tract 786.01; Kings County; New York,2220.0,87614.0,43.4,1254.0,1753.0,2024,ACS 5-Year
36047078602,36,047,078602,Brooklyn,Census Tract 786.02; Kings County; New York,2104.0,69615.0,36.5,897.0,1965.0,2024,ACS 5-Year
36047078801,36,047,078801,Brooklyn,Census Tract 788.01; Kings County; New York,1695.0,55984.0,36.8,830.0,1833.0,2024,ACS 5-Year
36047078802,36,047,078802,Brooklyn,Census Tract 788.02; Kings County; New York,1790.0,55179.0,33.7,727.0,1613.0,2024,ACS 5-Year
36047079001,36,047,079001,Brooklyn,Census Tract 790.01; Kings County; New York,1664.0,67857.0,29.2,576.0,1644.0,2024,ACS 5-Year
36047079002,36,047,079002,Brooklyn,Census Tract 790.02; Kings County; New York,2768.0,57672.0,36.3,1375.0,1692.0,2024,ACS 5-Year
36047079201,36,047,079201,Brooklyn,Census Tract 792.01; Kings County; New York,1382.0,88162.0,42.7,664.0,1759.0,2024,ACS 5-Year
36047079202,36,047,079202,Brooklyn,Census Tract 792.02; Kings County; New York,1942.0,85833.0,33.9,744.0,2131.0,2024,ACS 5-Year
36047079400,36,047,079400,Brooklyn,Census Tract 794; Kings County; New York,2366.0,128295.0,37.7,1155.0,2224.0,2024,ACS 5-Year
36047079601,36,047,079601,Brooklyn,Census Tract 796.01; Kings County; New York,3232.0,81629.0,38.0,1942.0,1747.0,2024,ACS 5-Year
36047079602,36,047,079602,Brooklyn,Census Tract 796.02; Kings County; New York,5073.0,77370.0,36.5,2687.0,1734.0,2024,ACS 5-Year
36047079801,36,047,079801,Brooklyn,Census Tract 798.01; Kings County; New York,3316.0,94375.0,32.7,1818.0,2043.0,2024,ACS 5-Year
36047079802,36,047,079802,Brooklyn,Census Tract 798.02; Kings County; New York,5004.0,100438.0,42.7,3190.0,1926.0,2024,ACS 5-Year
36047080000,36,047,080000,Brooklyn,Census Tract 800; Kings County; New York,3217.0,95769.0,44.7,1582.0,1485.0,2024,ACS 5-Year
36047080200,36,047,080200,Brooklyn,Census Tract 802; Kings County; New York,3878.0,98942.0,45.1,2222.0,1730.0,2024,ACS 5-Year
36047080400,36,047,080400,Brooklyn,Census Tract 804; Kings County; New York,3033.0,58413.0,42.1,1739.0,1903.0,2024,ACS 5-Year
36047080600,36,047,080600,Brooklyn,Census Tract 806; Kings County; New York,4038.0,66632.0,30.3,1714.0,1755.0,2024,ACS 5-Year
36047080800,36,047,080800,Brooklyn,Census Tract 808; Kings County; New York,2044.0,13337.0,53.4,180.0,1096.0,2024,ACS 5-Year
36047081000,36,047,081000,Brooklyn,Census Tract 810; Kings County; New York,2101.0,88490.0,37.3,1192.0,2076.0,2024,ACS 5-Year
36047081400,36,047,081400,Brooklyn,Census Tract 814; Kings County; New York,2692.0,86705.0,40.3,1372.0,1732.0,2024,ACS 5-Year
36047081600,36,047,081600,Brooklyn,Census Tract 816; Kings County; New York,2893.0,92784.0,39.9,1243.0,1477.0,2024,ACS 5-Year
36047081800,36,047,081800,Brooklyn,Census Tract 818; Kings County; New York,4639.0,76607.0,35.0,2127.0,1943.0,2024,ACS 5-Year
36047082000,36,047,082000,Brooklyn,Census Tract 820; Kings County; New York,4651.0,56250.0,34.6,2811.0,1885.0,2024,ACS 5-Year
36047082200,36,047,082200,Brooklyn,Census Tract 822; Kings County; New York,7104.0,85645.0,36.6,3898.0,1740.0,2024,ACS 5-Year
36047082400,36,047,082400,Brooklyn,Census Tract 824; Kings County; New York,5125.0,57204.0,39.7,2689.0,1705.0,2024,ACS 5-Year
36047082600,36,047,082600,Brooklyn,Census Tract 826; Kings County; New York,4122.0,72543.0,40.6,1904.0,1665.0,2024,ACS 5-Year
36047082800,36,047,082800,Brooklyn,Census Tract 828; Kings County; New York,3604.0,61313.0,42.0,1975.0,1773.0,2024,ACS 5-Year
36047083000,36,047,083000,Brooklyn,Census Tract 830; Kings County; New York,5673.0,83690.0,43.0,3067.0,1702.0,2024,ACS 5-Year
36047083200,36,047,083200,Brooklyn,Census Tract 832; Kings County; New York,2094.0,100161.0,47.4,1062.0,1797.0,2024,ACS 5-Year
36047083400,36,047,083400,Brooklyn,Census Tract 834; Kings County; New York,1839.0,121000.0,51.1,784.0,2231.0,2024,ACS 5-Year
36047083600,36,047,083600,Brooklyn,Census Tract 836; Kings County; New York,1984.0,96094.0,39.5,898.0,1711.0,2024,ACS 5-Year
36047083800,36,047,083800,Brooklyn,Census Tract 838; Kings County; New York,1931.0,62950.0,55.6,853.0,1259.0,2024,ACS 5-Year
36047084000,36,047,084000,Brooklyn,Census Tract 840; Kings County; New York,2226.0,81058.0,50.9,867.0,1476.0,2024,ACS 5-Year
36047084600,36,047,084600,Brooklyn,Census Tract 846; Kings County; New York,2038.0,78304.0,44.2,925.0,1677.0,2024,ACS 5-Year
36047084800,36,047,084800,Brooklyn,Census Tract 848; Kings County; New York,1445.0,86012.0,54.6,586.0,1719.0,2024,ACS 5-Year
36047085000,36,047,085000,Brooklyn,Census Tract 850; Kings County; New York,1383.0,124219.0,45.1,751.0,3152.0,2024,ACS 5-Year
36047085200,36,047,085200,Brooklyn,Census Tract 852; Kings County; New York,0.0,,,0.0,,2024,ACS 5-Year
36047085400,36,047,085400,Brooklyn,Census Tract 854; Kings County; New York,2062.0,78828.0,50.3,1006.0,1456.0,2024,ACS 5-Year
36047085600,36,047,085600,Brooklyn,Census Tract 856; Kings County; New York,3161.0,79107.0,38.9,1641.0,1815.0,2024,ACS 5-Year
36047085800,36,047,085800,Brooklyn,Census Tract 858; Kings County; New York,1951.0,83640.0,40.7,841.0,1736.0,2024,ACS 5-Year
36047086000,36,047,086000,Brooklyn,Census Tract 860; Kings County; New York,2627.0,77955.0,45.6,1322.0,1758.0,2024,ACS 5-Year
36047086200,36,047,086200,Brooklyn,Census Tract 862; Kings County; New York,2626.0,50438.0,45.0,1321.0,1637.0,2024,ACS 5-Year
36047086400,36,047,086400,Brooklyn,Census Tract 864; Kings County; New York,2219.0,71016.0,48.9,1025.0,1468.0,2024,ACS 5-Year
36047086600,36,047,086600,Brooklyn,Census Tract 866; Kings County; New York,2984.0,79508.0,42.2,1477.0,1659.0,2024,ACS 5-Year
36047086800,36,047,086800,Brooklyn,Census Tract 868; Kings County; New York,2952.0,45764.0,39.4,1551.0,1389.0,2024,ACS 5-Year
36047087000,36,047,087000,Brooklyn,Census Tract 870; Kings County; New York,3006.0,61136.0,38.5,1193.0,1608.0,2024,ACS 5-Year
36047087200,36,047,087200,Brooklyn,Census Tract 872; Kings County; New York,3127.0,67650.0,40.1,1503.0,1829.0,2024,ACS 5-Year
36047087401,36,047,087401,Brooklyn,Census Tract 874.01; Kings County; New York,3127.0,37207.0,30.6,1298.0,1314.0,2024,ACS 5-Year
36047087600,36,047,087600,Brooklyn,Census Tract 876; Kings County; New York,1798.0,48125.0,35.7,662.0,1938.0,2024,ACS 5-Year
36047087800,36,047,087800,Brooklyn,Census Tract 878; Kings County; New York,2592.0,56633.0,52.2,1110.0,1470.0,2024,ACS 5-Year
36047088001,36,047,088001,Brooklyn,Census Tract 880.01; Kings County; New York,1702.0,42351.0,57.3,539.0,1099.0,2024,ACS 5-Year
36047088002,36,047,088002,Brooklyn,Census Tract 880.02; Kings County; New York,1220.0,73750.0,29.9,704.0,2648.0,2024,ACS 5-Year
36047088200,36,047,088200,Brooklyn,Census Tract 882; Kings County; New York,6535.0,50754.0,37.1,2708.0,1694.0,2024,ACS 5-Year
36047088400,36,047,088400,Brooklyn,Census Tract 884; Kings County; New York,5208.0,38594.0,33.7,2105.0,1795.0,2024,ACS 5-Year
36047088600,36,047,088600,Brooklyn,Census Tract 886; Kings County; New York,4340.0,57674.0,40.6,2281.0,1570.0,2024,ACS 5-Year
36047088800,36,047,088800,Brooklyn,Census Tract 888; Kings County; New York,3783.0,55053.0,41.2,1466.0,1396.0,2024,ACS 5-Year
36047089000,36,047,089000,Brooklyn,Census Tract 890; Kings County; New York,7674.0,72535.0,35.1,3163.0,1564.0,2024,ACS 5-Year
36047089200,36,047,089200,Brooklyn,Census Tract 892; Kings County; New York,2876.0,,55.3,857.0,1316.0,2024,ACS 5-Year
36047089400,36,047,089400,Brooklyn,Census Tract 894; Kings County; New York,3513.0,63125.0,47.5,1497.0,1711.0,2024,ACS 5-Year
36047089600,36,047,089600,Brooklyn,Census Tract 896; Kings County; New York,3956.0,,45.6,1899.0,1373.0,2024,ACS 5-Year
36047089800,36,047,089800,Brooklyn,Census Tract 898; Kings County; New York,2316.0,66976.0,44.3,1114.0,1158.0,2024,ACS 5-Year
36047090000,36,047,090000,Brooklyn,Census Tract 900; Kings County; New York,4964.0,20500.0,36.8,1427.0,1163.0,2024,ACS 5-Year
36047090200,36,047,090200,Brooklyn,Census Tract 902; Kings County; New York,4017.0,42612.0,35.7,1142.0,406.0,2024,ACS 5-Year
36047090600,36,047,090600,Brooklyn,Census Tract 906; Kings County; New York,4344.0,27908.0,29.4,1122.0,646.0,2024,ACS 5-Year
36047090800,36,047,090800,Brooklyn,Census Tract 908; Kings County; New York,6230.0,44875.0,32.3,2031.0,771.0,2024,ACS 5-Year
36047091000,36,047,091000,Brooklyn,Census Tract 910; Kings County; New York,5837.0,22321.0,31.8,1696.0,710.0,2024,ACS 5-Year
36047091200,36,047,091200,Brooklyn,Census Tract 912; Kings County; New York,6301.0,36899.0,33.6,2634.0,842.0,2024,ACS 5-Year
36047091600,36,047,091600,Brooklyn,Census Tract 916; Kings County; New York,5619.0,44825.0,34.3,1629.0,1006.0,2024,ACS 5-Year
36047091800,36,047,091800,Brooklyn,Census Tract 918; Kings County; New York,2453.0,45942.0,40.7,848.0,591.0,2024,ACS 5-Year
36047092000,36,047,092000,Brooklyn,Census Tract 920; Kings County; New York,3202.0,44978.0,32.8,1281.0,1470.0,2024,ACS 5-Year
36047092200,36,047,092200,Brooklyn,Census Tract 922; Kings County; New York,2842.0,50994.0,48.9,1331.0,1440.0,2024,ACS 5-Year
36047092400,36,047,092400,Brooklyn,Census Tract 924; Kings County; New York,3420.0,37271.0,33.5,1094.0,1349.0,2024,ACS 5-Year
36047092800,36,047,092800,Brooklyn,Census Tract 928; Kings County; New York,2663.0,82250.0,47.6,1269.0,1570.0,2024,ACS 5-Year
36047093000,36,047,093000,Brooklyn,Census Tract 930; Kings County; New York,2986.0,105848.0,35.6,1267.0,1691.0,2024,ACS 5-Year
36047093200,36,047,093200,Brooklyn,Census Tract 932; Kings County; New York,1565.0,,55.7,565.0,,2024,ACS 5-Year
36047093400,36,047,093400,Brooklyn,Census Tract 934; Kings County; New York,2175.0,73321.0,48.5,841.0,1619.0,2024,ACS 5-Year
36047093600,36,047,093600,Brooklyn,Census Tract 936; Kings County; New York,1529.0,79773.0,55.6,643.0,1422.0,2024,ACS 5-Year
36047093800,36,047,093800,Brooklyn,Census Tract 938; Kings County; New York,2227.0,61827.0,42.0,1094.0,1715.0,2024,ACS 5-Year
36047094401,36,047,094401,Brooklyn,Census Tract 944.01; Kings County; New York,3158.0,82500.0,48.1,1625.0,2090.0,2024,ACS 5-Year
36047094402,36,047,094402,Brooklyn,Census Tract 944.02; Kings County; New York,2371.0,24676.0,33.1,909.0,672.0,2024,ACS 5-Year
36047094600,36,047,094600,Brooklyn,Census Tract 946; Kings County; New York,1772.0,93667.0,41.9,759.0,1927.0,2024,ACS 5-Year
36047095000,36,047,095000,Brooklyn,Census Tract 950; Kings County; New York,2333.0,90083.0,55.2,887.0,1880.0,2024,ACS 5-Year
36047095400,36,047,095400,Brooklyn,Census Tract 954; Kings County; New York,3875.0,108309.0,45.9,2107.0,2070.0,2024,ACS 5-Year
36047095600,36,047,095600,Brooklyn,Census Tract 956; Kings County; New York,3666.0,85603.0,37.1,1801.0,1703.0,2024,ACS 5-Year
36047095800,36,047,095800,Brooklyn,Census Tract 958; Kings County; New York,2760.0,66452.0,35.7,1378.0,1970.0,2024,ACS 5-Year
36047096000,36,047,096000,Brooklyn,Census Tract 960; Kings County; New York,0.0,,,0.0,,2024,ACS 5-Year
36047096200,36,047,096200,Brooklyn,Census Tract 962; Kings County; New York,1315.0,73750.0,34.0,571.0,2417.0,2024,ACS 5-Year
36047096400,36,047,096400,Brooklyn,Census Tract 964; Kings County; New York,2086.0,79934.0,41.7,920.0,1883.0,2024,ACS 5-Year
36047096600,36,047,096600,Brooklyn,Census Tract 966; Kings County; New York,1883.0,76174.0,37.0,890.0,1778.0,2024,ACS 5-Year
36047096800,36,047,096800,Brooklyn,Census Tract 968; Kings County; New York,1224.0,106250.0,46.2,504.0,1710.0,2024,ACS 5-Year
36047097000,36,047,097000,Brooklyn,Census Tract 970; Kings County; New York,1935.0,108864.0,51.7,736.0,1375.0,2024,ACS 5-Year
36047097400,36,047,097400,Brooklyn,Census Tract 974; Kings County; New York,2415.0,88688.0,45.6,879.0,1776.0,2024,ACS 5-Year
36047098200,36,047,098200,Brooklyn,Census Tract 982; Kings County; New York,3962.0,25125.0,31.7,1281.0,699.0,2024,ACS 5-Year
36047098400,36,047,098400,Brooklyn,Census Tract 984; Kings County; New York,1924.0,102200.0,42.1,794.0,1685.0,2024,ACS 5-Year
36047098600,36,047,098600,Brooklyn,Census Tract 986; Kings County; New York,2341.0,95508.0,47.0,1138.0,1827.0,2024,ACS 5-Year
36047098800,36,047,098800,Brooklyn,Census Tract 988; Kings County; New York,2752.0,81985.0,49.9,995.0,1863.0,2024,ACS 5-Year
36047099000,36,047,099000,Brooklyn,Census Tract 990; Kings County; New York,1479.0,95326.0,45.7,751.0,1907.0,2024,ACS 5-Year
36047099200,36,047,099200,Brooklyn,Census Tract 992; Kings County; New York,1642.0,95597.0,48.7,728.0,1830.0,2024,ACS 5-Year
36047099400,36,047,099400,Brooklyn,Census Tract 994; Kings County; New York,1525.0,92738.0,49.7,723.0,1849.0,2024,ACS 5-Year
36047099600,36,047,099600,Brooklyn,Census Tract 996; Kings County; New York,3079.0,86426.0,41.5,1181.0,1686.0,2024,ACS 5-Year
36047099800,36,047,099800,Brooklyn,Census Tract 998; Kings County; New York,3348.0,98153.0,39.7,1547.0,1740.0,2024,ACS 5-Year
36047100400,36,047,100400,Brooklyn,Census Tract 1004; Kings County; New York,2423.0,67063.0,39.4,1008.0,1857.0,2024,ACS 5-Year
36047100600,36,047,100600,Brooklyn,Census Tract 1006; Kings County; New York,2670.0,120518.0,38.7,1267.0,2024.0,2024,ACS 5-Year
36047100800,36,047,100800,Brooklyn,Census Tract 1008; Kings County; New York,2161.0,79250.0,46.7,884.0,1993.0,2024,ACS 5-Year
36047101000,36,047,101000,Brooklyn,Census Tract 1010; Kings County; New York,2577.0,72115.0,37.6,994.0,1323.0,2024,ACS 5-Year
36047101200,36,047,101200,Brooklyn,Census Tract 1012; Kings County; New York,2119.0,96726.0,47.0,1019.0,1679.0,2024,ACS 5-Year
36047101400,36,047,101400,Brooklyn,Census Tract 1014; Kings County; New York,1796.0,67961.0,53.2,699.0,1975.0,2024,ACS 5-Year
36047101600,36,047,101600,Brooklyn,Census Tract 1016; Kings County; New York,1897.0,179803.0,42.6,913.0,1631.0,2024,ACS 5-Year
36047101800,36,047,101800,Brooklyn,Census Tract 1018; Kings County; New York,1789.0,101996.0,44.2,976.0,1558.0,2024,ACS 5-Year
36047102000,36,047,102000,Brooklyn,Census Tract 1020; Kings County; New York,2151.0,138672.0,40.0,1268.0,1952.0,2024,ACS 5-Year
36047102200,36,047,102200,Brooklyn,Census Tract 1022; Kings County; New York,2067.0,84063.0,40.6,985.0,1761.0,2024,ACS 5-Year
36047102400,36,047,102400,Brooklyn,Census Tract 1024; Kings County; New York,1834.0,72955.0,40.6,836.0,2155.0,2024,ACS 5-Year
36047102600,36,047,102600,Brooklyn,Census Tract 1026; Kings County; New York,2935.0,89055.0,42.6,1116.0,2195.0,2024,ACS 5-Year
36047102801,36,047,102801,Brooklyn,Census Tract 1028.01; Kings County; New York,1146.0,47063.0,47.1,459.0,1512.0,2024,ACS 5-Year
36047102802,36,047,102802,Brooklyn,Census Tract 1028.02; Kings County; New York,0.0,,,0.0,,2024,ACS 5-Year
36047103401,36,047,103401,Brooklyn,Census Tract 1034.01; Kings County; New York,3637.0,17853.0,31.4,954.0,466.0,2024,ACS 5-Year
36047103402,36,047,103402,Brooklyn,Census Tract 1034.02; Kings County; New York,0.0,,,0.0,,2024,ACS 5-Year
36047105801,36,047,105801,Brooklyn,Census Tract 1058.01; Kings County; New York,5655.0,20988.0,56.3,1854.0,684.0,2024,ACS 5-Year
36047105804,36,047,105804,Brooklyn,Census Tract 1058.04; Kings County; New York,6083.0,38380.0,51.4,1950.0,929.0,2024,ACS 5-Year
36047107001,36,047,107001,Brooklyn,Census Tract 1070.01; Kings County; New York,4672.0,62028.0,32.0,2189.0,1270.0,2024,ACS 5-Year
36047107002,36,047,107002,Brooklyn,Census Tract 1070.02; Kings County; New York,0.0,,,0.0,,2024,ACS 5-Year
36047107003,36,047,107003,Brooklyn,Census Tract 1070.03; Kings County; New York,0.0,,,0.0,,2024,ACS 5-Year
36047107800,36,047,107800,Brooklyn,Census Tract 1078; Kings County; New York,3716.0,85947.0,43.9,1983.0,2019.0,2024,ACS 5-Year
36047109800,36,047,109800,Brooklyn,Census Tract 1098; Kings County; New York,2348.0,71635.0,38.0,868.0,2072.0,2024,ACS 5-Year
36047110400,36,047,110400,Brooklyn,Census Tract 1104; Kings County; New York,5199.0,72229.0,35.4,2114.0,1650.0,2024,ACS 5-Year
36047110600,36,047,110600,Brooklyn,Census Tract 1106; Kings County; New York,4117.0,26536.0,34.7,936.0,853.0,2024,ACS 5-Year
36047111000,36,047,111000,Brooklyn,Census Tract 1110; Kings County; New York,2984.0,35174.0,41.1,907.0,1018.0,2024,ACS 5-Year
36047111600,36,047,111600,Brooklyn,Census Tract 1116; Kings County; New York,3810.0,71021.0,41.2,1296.0,1684.0,2024,ACS 5-Year
36047111800,36,047,111800,Brooklyn,Census Tract 1118; Kings County; New York,3872.0,66838.0,35.5,1410.0,1875.0,2024,ACS 5-Year
36047112000,36,047,112000,Brooklyn,Census Tract 1120; Kings County; New York,3249.0,72167.0,49.8,1507.0,1248.0,2024,ACS 5-Year
36047112200,36,047,112200,Brooklyn,Census Tract 1122; Kings County; New York,3500.0,44188.0,43.4,1354.0,1711.0,2024,ACS 5-Year
36047112400,36,047,112400,Brooklyn,Census Tract 1124; Kings County; New York,3380.0,65472.0,37.3,1702.0,1490.0,2024,ACS 5-Year
36047112600,36,047,112600,Brooklyn,Census Tract 1126; Kings County; New York,4406.0,52039.0,40.0,1758.0,1483.0,2024,ACS 5-Year
36047112800,36,047,112800,Brooklyn,Census Tract 1128; Kings County; New York,3933.0,50426.0,42.6,1664.0,1511.0,2024,ACS 5-Year
36047113000,36,047,113000,Brooklyn,Census Tract 1130; Kings County; New York,4490.0,51938.0,40.0,1752.0,1706.0,2024,ACS 5-Year
36047113200,36,047,113200,Brooklyn,Census Tract 1132; Kings County; New York,2637.0,46812.0,32.0,1277.0,1213.0,2024,ACS 5-Year
36047113400,36,047,113400,Brooklyn,Census Tract 1134; Kings County; New York,2615.0,47994.0,32.9,1048.0,668.0,2024,ACS 5-Year
36047114201,36,047,114201,Brooklyn,Census Tract 1142.01; Kings County; New York,1548.0,39531.0,50.8,716.0,1641.0,2024,ACS 5-Year
36047114202,36,047,114202,Brooklyn,Census Tract 1142.02; Kings County; New York,2331.0,57826.0,35.8,859.0,1659.0,2024,ACS 5-Year
36047114400,36,047,114400,Brooklyn,Census Tract 1144; Kings County; New York,2423.0,82422.0,40.4,865.0,1833.0,2024,ACS 5-Year
36047114600,36,047,114600,Brooklyn,Census Tract 1146; Kings County; New York,3130.0,82228.0,35.5,1428.0,1923.0,2024,ACS 5-Year
36047115000,36,047,115000,Brooklyn,Census Tract 1150; Kings County; New York,2962.0,71044.0,34.5,1225.0,1692.0,2024,ACS 5-Year
36047115200,36,047,115200,Brooklyn,Census Tract 1152; Kings County; New York,2558.0,58542.0,45.3,941.0,1664.0,2024,ACS 5-Year
36047115600,36,047,115600,Brooklyn,Census Tract 1156; Kings County; New York,4108.0,,37.2,1658.0,890.0,2024,ACS 5-Year
36047115800,36,047,115800,Brooklyn,Census Tract 1158; Kings County; New York,2529.0,80091.0,36.2,934.0,1285.0,2024,ACS 5-Year
36047116000,36,047,116000,Brooklyn,Census Tract 1160; Kings County; New York,2420.0,63839.0,45.0,1015.0,1292.0,2024,ACS 5-Year
36047116200,36,047,116200,Brooklyn,Census Tract 1162; Kings County; New York,2571.0,72614.0,34.0,1123.0,2152.0,2024,ACS 5-Year
36047116400,36,047,116400,Brooklyn,Census Tract 1164; Kings County; New York,3936.0,76713.0,34.6,1600.0,1437.0,2024,ACS 5-Year
36047116600,36,047,116600,Brooklyn,Census Tract 1166; Kings County; New York,2998.0,42158.0,37.3,1271.0,1793.0,2024,ACS 5-Year
36047116800,36,047,116800,Brooklyn,Census Tract 1168; Kings County; New York,2661.0,86563.0,27.1,1225.0,1737.0,2024,ACS 5-Year
36047117000,36,047,117000,Brooklyn,Census Tract 1170; Kings County; New York,1952.0,27840.0,43.2,672.0,2107.0,2024,ACS 5-Year
36047117201,36,047,117201,Brooklyn,Census Tract 1172.01; Kings County; New York,1961.0,73214.0,37.8,984.0,1398.0,2024,ACS 5-Year
36047117202,36,047,117202,Brooklyn,Census Tract 1172.02; Kings County; New York,4720.0,78190.0,37.3,2081.0,1925.0,2024,ACS 5-Year
36047117400,36,047,117400,Brooklyn,Census Tract 1174; Kings County; New York,3827.0,46583.0,35.5,1756.0,2182.0,2024,ACS 5-Year
36047117601,36,047,117601,Brooklyn,Census Tract 1176.01; Kings County; New York,3029.0,80882.0,32.3,1592.0,1886.0,2024,ACS 5-Year
36047117602,36,047,117602,Brooklyn,Census Tract 1176.02; Kings County; New York,3393.0,86848.0,32.6,1153.0,2044.0,2024,ACS 5-Year
36047117800,36,047,117800,Brooklyn,Census Tract 1178; Kings County; New York,1777.0,59034.0,45.3,709.0,1582.0,2024,ACS 5-Year
36047118000,36,047,118000,Brooklyn,Census Tract 1180; Kings County; New York,0.0,,,0.0,,2024,ACS 5-Year
36047118201,36,047,118201,Brooklyn,Census Tract 1182.01; Kings County; New York,3674.0,82976.0,27.2,1483.0,1972.0,2024,ACS 5-Year
36047118202,36,047,118202,Brooklyn,Census Tract 1182.02; Kings County; New York,3288.0,91802.0,37.1,1502.0,2229.0,2024,ACS 5-Year
36047118400,36,047,118400,Brooklyn,Census Tract 1184; Kings County; New York,4826.0,68093.0,42.4,2755.0,1848.0,2024,ACS 5-Year
36047118600,36,047,118600,Brooklyn,Census Tract 1186; Kings County; New York,3099.0,78971.0,47.4,1379.0,1731.0,2024,ACS 5-Year
36047118800,36,047,118800,Brooklyn,Census Tract 1188; Kings County; New York,4778.0,75394.0,30.4,2246.0,1712.0,2024,ACS 5-Year
36047119000,36,047,119000,Brooklyn,Census Tract 1190; Kings County; New York,1785.0,39733.0,43.1,723.0,1488.0,2024,ACS 5-Year
36047119200,36,047,119200,Brooklyn,Census Tract 1192; Kings County; New York,3885.0,89286.0,32.9,1518.0,1746.0,2024,ACS 5-Year
36047119400,36,047,119400,Brooklyn,Census Tract 1194; Kings County; New York,4816.0,84332.0,35.2,1963.0,1428.0,2024,ACS 5-Year
36047119600,36,047,119600,Brooklyn,Census Tract 1196; Kings County; New York,5979.0,56513.0,40.3,2669.0,1786.0,2024,ACS 5-Year
36047119800,36,047,119800,Brooklyn,Census Tract 1198; Kings County; New York,3514.0,60289.0,38.3,1164.0,1238.0,2024,ACS 5-Year
36047120000,36,047,120000,Brooklyn,Census Tract 1200; Kings County; New York,2922.0,47031.0,36.4,1274.0,1855.0,2024,ACS 5-Year
36047120200,36,047,120200,Brooklyn,Census Tract 1202; Kings County; New York,1999.0,100559.0,33.5,869.0,1887.0,2024,ACS 5-Year
36047120801,36,047,120801,Brooklyn,Census Tract 1208.01; Kings County; New York,4834.0,109091.0,35.7,2202.0,2245.0,2024,ACS 5-Year
36047120802,36,047,120802,Brooklyn,Census Tract 1208.02; Kings County; New York,5247.0,30853.0,27.3,1598.0,1603.0,2024,ACS 5-Year
36047120803,36,047,120803,Brooklyn,Census Tract 1208.03; Kings County; New York,1350.0,45125.0,51.8,517.0,1300.0,2024,ACS 5-Year
36047121000,36,047,121000,Brooklyn,Census Tract 1210; Kings County; New York,3738.0,23136.0,29.3,1207.0,378.0,2024,ACS 5-Year
36047121400,36,047,121400,Brooklyn,Census Tract 1214; Kings County; New York,4512.0,38094.0,27.0,1696.0,575.0,2024,ACS 5-Year
36047122000,36,047,122000,Brooklyn,Census Tract 1220; Kings County; New York,6991.0,83594.0,35.7,3248.0,1309.0,2024,ACS 5-Year
36047123700,36,047,123700,Brooklyn,Census Tract 1237; Kings County; New York,9642.0,55861.0,14.2,2160.0,2545.0,2024,ACS 5-Year
36047150200,36,047,150200,Brooklyn,Census Tract 1502; Kings County; New York,2884.0,132727.0,41.7,1512.0,2939.0,2024,ACS 5-Year
36047152200,36,047,152200,Brooklyn,Census Tract 1522; Kings County; New York,2913.0,215602.0,49.2,1709.0,2451.0,2024,ACS 5-Year
36047990100,36,047,990100,Brooklyn,Census Tract 9901; Kings County; New York,0.0,,,0.0,,2024,ACS 5-Year
36061000100,36,061,000100,Manhattan,Census Tract 1; New York County; New York,0.0,,,0.0,,2024,ACS 5-Year
36061000201,36,061,000201,Manhattan,Census Tract 2.01; New York County; New York,2666.0,37353.0,31.1,714.0,1039.0,2024,ACS 5-Year
36061000202,36,061,000202,Manhattan,Census Tract 2.02; New York County; New York,6763.0,36688.0,47.6,2374.0,544.0,2024,ACS 5-Year
36061000500,36,061,000500,Manhattan,Census Tract 5; New York County; New York,0.0,,,0.0,,2024,ACS 5-Year
36061000600,36,061,000600,Manhattan,Census Tract 6; New York County; New York,10302.0,36893.0,47.3,4285.0,1002.0,2024,ACS 5-Year
36061000700,36,061,000700,Manhattan,Census Tract 7; New York County; New York,9134.0,190388.0,31.4,7374.0,3501.0,2024,ACS 5-Year
36061000800,36,061,000800,Manhattan,Census Tract 8; New York County; New York,8747.0,31262.0,52.2,3608.0,1204.0,2024,ACS 5-Year
36061000900,36,061,000900,Manhattan,Census Tract 9; New York County; New York,1966.0,250001.0,30.8,1395.0,3501.0,2024,ACS 5-Year
36061001001,36,061,001001,Manhattan,Census Tract 10.01; New York County; New York,1745.0,140000.0,44.9,988.0,1243.0,2024,ACS 5-Year
36061001002,36,061,001002,Manhattan,Census Tract 10.02; New York County; New York,6513.0,23796.0,39.3,1639.0,579.0,2024,ACS 5-Year
36061001200,36,061,001200,Manhattan,Census Tract 12; New York County; New York,4173.0,114318.0,46.1,1911.0,1178.0,2024,ACS 5-Year
36061001300,36,061,001300,Manhattan,Census Tract 13; New York County; New York,5062.0,171923.0,31.5,3745.0,3501.0,2024,ACS 5-Year
36061001401,36,061,001401,Manhattan,Census Tract 14.01; New York County; New York,3707.0,103750.0,53.7,1700.0,1403.0,2024,ACS 5-Year
36061001402,36,061,001402,Manhattan,Census Tract 14.02; New York County; New York,3463.0,90469.0,37.2,2125.0,1841.0,2024,ACS 5-Year
36061001501,36,061,001501,Manhattan,Census Tract 15.01; New York County; New York,7677.0,125712.0,41.7,3724.0,3501.0,2024,ACS 5-Year
36061001502,36,061,001502,Manhattan,Census Tract 15.02; New York County; New York,8375.0,204310.0,28.5,6653.0,3501.0,2024,ACS 5-Year
36061001600,36,061,001600,Manhattan,Census Tract 16; New York County; New York,7221.0,35875.0,45.3,3382.0,1261.0,2024,ACS 5-Year
36061001800,36,061,001800,Manhattan,Census Tract 18; New York County; New York,6706.0,76726.0,35.2,3649.0,2071.0,2024,ACS 5-Year
36061002000,36,061,002000,Manhattan,Census Tract 20; New York County; New York,5048.0,30792.0,44.2,1158.0,692.0,2024,ACS 5-Year
36061002100,36,061,002100,Manhattan,Census Tract 21; New York County; New York,7441.0,250001.0,35.1,4790.0,3501.0,2024,ACS 5-Year
36061002201,36,061,002201,Manhattan,Census Tract 22.01; New York County; New York,6795.0,39961.0,39.4,2830.0,1272.0,2024,ACS 5-Year
36061002202,36,061,002202,Manhattan,Census Tract 22.02; New York County; New York,2502.0,151711.0,31.4,1793.0,3339.0,2024,ACS 5-Year
36061002400,36,061,002400,Manhattan,Census Tract 24; New York County; New York,4523.0,21092.0,45.8,1120.0,595.0,2024,ACS 5-Year
36061002500,36,061,002500,Manhattan,Census Tract 25; New York County; New York,4476.0,20597.0,47.9,1044.0,483.0,2024,ACS 5-Year
36061002601,36,061,002601,Manhattan,Census Tract 26.01; New York County; New York,4199.0,30350.0,44.2,1601.0,1111.0,2024,ACS 5-Year
36061002602,36,061,002602,Manhattan,Census Tract 26.02; New York County; New York,3528.0,89970.0,37.2,2110.0,3460.0,2024,ACS 5-Year
36061002700,36,061,002700,Manhattan,Census Tract 27; New York County; New York,1101.0,124063.0,60.0,450.0,1729.0,2024,ACS 5-Year
36061002800,36,061,002800,Manhattan,Census Tract 28; New York County; New York,6509.0,70691.0,42.1,3408.0,1198.0,2024,ACS 5-Year
36061002901,36,061,002901,Manhattan,Census Tract 29.01; New York County; New York,562.0,11094.0,38.5,3.0,283.0,2024,ACS 5-Year
36061002902,36,061,002902,Manhattan,Census Tract 29.02; New York County; New York,3493.0,,50.2,1464.0,1457.0,2024,ACS 5-Year
36061003001,36,061,003001,Manhattan,Census Tract 30.01; New York County; New York,4270.0,88889.0,29.4,3023.0,2327.0,2024,ACS 5-Year
36061003002,36,061,003002,Manhattan,Census Tract 30.02; New York County; New York,2833.0,74691.0,34.8,1804.0,2026.0,2024,ACS 5-Year
36061003100,36,061,003100,Manhattan,Census Tract 31; New York County; New York,2910.0,189250.0,25.1,1524.0,3501.0,2024,ACS 5-Year
36061003200,36,061,003200,Manhattan,Census Tract 32; New York County; New York,7866.0,101294.0,35.5,4772.0,2285.0,2024,ACS 5-Year
36061003300,36,061,003300,Manhattan,Census Tract 33; New York County; New York,5951.0,250001.0,39.1,3732.0,3501.0,2024,ACS 5-Year
36061003400,36,061,003400,Manhattan,Census Tract 34; New York County; New York,6990.0,121413.0,32.3,5368.0,2338.0,2024,ACS 5-Year
36061003601,36,061,003601,Manhattan,Census Tract 36.01; New York County; New York,3050.0,57000.0,40.6,1533.0,1698.0,2024,ACS 5-Year
36061003602,36,061,003602,Manhattan,Census Tract 36.02; New York County; New York,3444.0,155000.0,33.9,1975.0,2889.0,2024,ACS 5-Year
36061003700,36,061,003700,Manhattan,Census Tract 37; New York County; New York,3460.0,250001.0,40.1,2499.0,3501.0,2024,ACS 5-Year
36061003800,36,061,003800,Manhattan,Census Tract 38; New York County; New York,7282.0,78220.0,31.5,5025.0,2507.0,2024,ACS 5-Year
36061003900,36,061,003900,Manhattan,Census Tract 39; New York County; New York,5699.0,202542.0,43.2,2971.0,2324.0,2024,ACS 5-Year
36061004001,36,061,004001,Manhattan,Census Tract 40.01; New York County; New York,3304.0,150661.0,33.2,2430.0,2926.0,2024,ACS 5-Year
36061004002,36,061,004002,Manhattan,Census Tract 40.02; New York County; New York,6268.0,196833.0,27.3,3659.0,3501.0,2024,ACS 5-Year
36061004100,36,061,004100,Manhattan,Census Tract 41; New York County; New York,6889.0,101893.0,40.9,3426.0,1868.0,2024,ACS 5-Year
36061004200,36,061,004200,Manhattan,Census Tract 42; New York County; New York,5141.0,131083.0,20.5,2454.0,3440.0,2024,ACS 5-Year
36061004300,36,061,004300,Manhattan,Census Tract 43; New York County; New York,3524.0,122730.0,36.2,2518.0,3258.0,2024,ACS 5-Year
36061004400,36,061,004400,Manhattan,Census Tract 44; New York County; New York,16963.0,153280.0,38.8,10112.0,3131.0,2024,ACS 5-Year
36061004500,36,061,004500,Manhattan,Census Tract 45; New York County; New York,957.0,170714.0,39.7,486.0,3501.0,2024,ACS 5-Year
36061004700,36,061,004700,Manhattan,Census Tract 47; New York County; New York,2187.0,148750.0,36.7,1524.0,3501.0,2024,ACS 5-Year
36061004800,36,061,004800,Manhattan,Census Tract 48; New York County; New York,6972.0,161973.0,33.6,3835.0,2497.0,2024,ACS 5-Year
36061004900,36,061,004900,Manhattan,Census Tract 49; New York County; New York,4203.0,146967.0,45.1,2939.0,2976.0,2024,ACS 5-Year
36061005000,36,061,005000,Manhattan,Census Tract 50; New York County; New York,4774.0,205250.0,37.2,3103.0,3501.0,2024,ACS 5-Year
36061005200,36,061,005200,Manhattan,Census Tract 52; New York County; New York,3543.0,238750.0,34.6,2010.0,3500.0,2024,ACS 5-Year
36061005400,36,061,005400,Manhattan,Census Tract 54; New York County; New York,4453.0,124732.0,46.5,2582.0,3059.0,2024,ACS 5-Year
36061005501,36,061,005501,Manhattan,Census Tract 55.01; New York County; New York,5346.0,214306.0,33.6,3087.0,2636.0,2024,ACS 5-Year
36061005502,36,061,005502,Manhattan,Census Tract 55.02; New York County; New York,1899.0,179844.0,39.5,1189.0,2580.0,2024,ACS 5-Year
36061005600,36,061,005600,Manhattan,Census Tract 56; New York County; New York,3822.0,183068.0,43.7,2320.0,2657.0,2024,ACS 5-Year
36061005700,36,061,005700,Manhattan,Census Tract 57; New York County; New York,2600.0,201116.0,35.5,1356.0,3501.0,2024,ACS 5-Year
36061005800,36,061,005800,Manhattan,Census Tract 58; New York County; New York,3986.0,206827.0,31.8,2874.0,3501.0,2024,ACS 5-Year
36061005900,36,061,005900,Manhattan,Census Tract 59; New York County; New York,5120.0,181375.0,39.5,2715.0,2186.0,2024,ACS 5-Year
36061006000,36,061,006000,Manhattan,Census Tract 60; New York County; New York,5077.0,202600.0,42.8,2631.0,3501.0,2024,ACS 5-Year
36061006100,36,061,006100,Manhattan,Census Tract 61; New York County; New York,5319.0,179167.0,30.2,2781.0,3501.0,2024,ACS 5-Year
36061006200,36,061,006200,Manhattan,Census Tract 62; New York County; New York,3886.0,104255.0,31.4,1738.0,3415.0,2024,ACS 5-Year
36061006300,36,061,006300,Manhattan,Census Tract 63; New York County; New York,5759.0,173995.0,42.8,3644.0,3501.0,2024,ACS 5-Year
36061006400,36,061,006400,Manhattan,Census Tract 64; New York County; New York,7729.0,130385.0,33.6,5315.0,2939.0,2024,ACS 5-Year
36061006500,36,061,006500,Manhattan,Census Tract 65; New York County; New York,5585.0,133781.0,31.6,3757.0,2806.0,2024,ACS 5-Year
36061006600,36,061,006600,Manhattan,Census Tract 66; New York County; New York,11034.0,101990.0,35.6,6062.0,2349.0,2024,ACS 5-Year
36061006700,36,061,006700,Manhattan,Census Tract 67; New York County; New York,4652.0,131304.0,34.5,3493.0,2880.0,2024,ACS 5-Year
36061006800,36,061,006800,Manhattan,Census Tract 68; New York County; New York,6430.0,128919.0,31.2,3863.0,2990.0,2024,ACS 5-Year
36061006900,36,061,006900,Manhattan,Census Tract 69; New York County; New York,2681.0,238563.0,36.2,1729.0,3501.0,2024,ACS 5-Year
36061007001,36,061,007001,Manhattan,Census Tract 70.01; New York County; New York,3997.0,163287.0,33.3,2568.0,3432.0,2024,ACS 5-Year
36061007002,36,061,007002,Manhattan,Census Tract 70.02; New York County; New York,3479.0,154965.0,29.9,2534.0,3416.0,2024,ACS 5-Year
36061007100,36,061,007100,Manhattan,Census Tract 71; New York County; New York,5231.0,150449.0,36.2,3240.0,3318.0,2024,ACS 5-Year
36061007200,36,061,007200,Manhattan,Census Tract 72; New York County; New York,7113.0,136979.0,31.7,5124.0,3298.0,2024,ACS 5-Year
36061007300,36,061,007300,Manhattan,Census Tract 73; New York County; New York,5393.0,175590.0,44.8,3865.0,2764.0,2024,ACS 5-Year
36061007400,36,061,007400,Manhattan,Census Tract 74; New York County; New York,5355.0,215511.0,35.3,3773.0,3501.0,2024,ACS 5-Year
36061007500,36,061,007500,Manhattan,Census Tract 75; New York County; New York,3898.0,187647.0,47.8,2495.0,2816.0,2024,ACS 5-Year
36061007600,36,061,007600,Manhattan,Census Tract 76; New York County; New York,2362.0,193644.0,35.3,1643.0,3304.0,2024,ACS 5-Year
36061007700,36,061,007700,Manhattan,Census Tract 77; New York County; New York,5600.0,230044.0,36.4,3919.0,3501.0,2024,ACS 5-Year
36061007800,36,061,007800,Manhattan,Census Tract 78; New York County; New York,8015.0,134092.0,37.8,5525.0,3501.0,2024,ACS 5-Year
36061007900,36,061,007900,Manhattan,Census Tract 79; New York County; New York,4458.0,200079.0,42.0,2593.0,3501.0,2024,ACS 5-Year
36061008000,36,061,008000,Manhattan,Census Tract 80; New York County; New York,5319.0,177105.0,33.6,3967.0,3329.0,2024,ACS 5-Year
36061008100,36,061,008100,Manhattan,Census Tract 81; New York County; New York,6191.0,134538.0,44.1,4200.0,3153.0,2024,ACS 5-Year
36061008200,36,061,008200,Manhattan,Census Tract 82; New York County; New York,3450.0,162143.0,38.5,2240.0,3501.0,2024,ACS 5-Year
36061008300,36,061,008300,Manhattan,Census Tract 83; New York County; New York,3614.0,75000.0,41.9,1888.0,1479.0,2024,ACS 5-Year
36061008400,36,061,008400,Manhattan,Census Tract 84; New York County; New York,1765.0,231546.0,36.9,1112.0,3501.0,2024,ACS 5-Year
36061008601,36,061,008601,Manhattan,Census Tract 86.01; New York County; New York,3332.0,145054.0,30.8,2057.0,3501.0,2024,ACS 5-Year
36061008602,36,061,008602,Manhattan,Census Tract 86.02; New York County; New York,0.0,,,0.0,,2024,ACS 5-Year
36061008603,36,061,008603,Manhattan,Census Tract 86.03; New York County; New York,4970.0,200735.0,52.7,2602.0,3500.0,2024,ACS 5-Year
36061008700,36,061,008700,Manhattan,Census Tract 87; New York County; New York,5376.0,150384.0,32.9,3677.0,3128.0,2024,ACS 5-Year
36061008800,36,061,008800,Manhattan,Census Tract 88; New York County; New York,7567.0,112782.0,41.2,5334.0,2858.0,2024,ACS 5-Year
36061008900,36,061,008900,Manhattan,Census Tract 89; New York County; New York,5890.0,102260.0,38.9,3589.0,2174.0,2024,ACS 5-Year
36061009000,36,061,009000,Manhattan,Census Tract 90; New York County; New York,7239.0,156381.0,36.8,5079.0,3091.0,2024,ACS 5-Year
36061009100,36,061,009100,Manhattan,Census Tract 91; New York County; New York,6539.0,160866.0,39.1,4584.0,3364.0,2024,ACS 5-Year
36061009200,36,061,009200,Manhattan,Census Tract 92; New York County; New York,1387.0,166638.0,35.9,990.0,3501.0,2024,ACS 5-Year
36061009300,36,061,009300,Manhattan,Census Tract 93; New York County; New York,9559.0,122586.0,49.7,5221.0,2001.0,2024,ACS 5-Year
36061009400,36,061,009400,Manhattan,Census Tract 94; New York County; New York,70.0,81875.0,40.4,35.0,3208.0,2024,ACS 5-Year
36061009500,36,061,009500,Manhattan,Census Tract 95; New York County; New York,3765.0,222321.0,30.2,2001.0,3501.0,2024,ACS 5-Year
36061009600,36,061,009600,Manhattan,Census Tract 96; New York County; New York,560.0,,27.1,238.0,3501.0,2024,ACS 5-Year
36061009700,36,061,009700,Manhattan,Census Tract 97; New York County; New York,4875.0,71537.0,57.7,2501.0,1261.0,2024,ACS 5-Year
36061009800,36,061,009800,Manhattan,Census Tract 98; New York County; New York,8874.0,171745.0,39.7,5494.0,2642.0,2024,ACS 5-Year
36061009901,36,061,009901,Manhattan,Census Tract 99.01; New York County; New York,1948.0,250001.0,36.3,1456.0,3501.0,2024,ACS 5-Year
36061009902,36,061,009902,Manhattan,Census Tract 99.02; New York County; New York,4019.0,162845.0,33.9,2579.0,3501.0,2024,ACS 5-Year
36061009903,36,061,009903,Manhattan,Census Tract 99.03; New York County; New York,1465.0,187596.0,33.8,1015.0,3501.0,2024,ACS 5-Year
36061010000,36,061,010000,Manhattan,Census Tract 100; New York County; New York,1618.0,99875.0,39.0,1301.0,2637.0,2024,ACS 5-Year
36061010100,36,061,010100,Manhattan,Census Tract 101; New York County; New York,1862.0,108304.0,34.9,1355.0,3501.0,2024,ACS 5-Year
36061010200,36,061,010200,Manhattan,Census Tract 102; New York County; New York,267.0,,59.5,189.0,3501.0,2024,ACS 5-Year
36061010300,36,061,010300,Manhattan,Census Tract 103; New York County; New York,3410.0,180200.0,32.5,2304.0,3501.0,2024,ACS 5-Year
36061010400,36,061,010400,Manhattan,Census Tract 104; New York County; New York,1058.0,193026.0,45.7,684.0,2656.0,2024,ACS 5-Year
36061010601,36,061,010601,Manhattan,Census Tract 106.01; New York County; New York,7753.0,249091.0,52.1,4441.0,2881.0,2024,ACS 5-Year
36061010602,36,061,010602,Manhattan,Census Tract 106.02; New York County; New York,5214.0,207717.0,35.2,3083.0,3501.0,2024,ACS 5-Year
36061010801,36,061,010801,Manhattan,Census Tract 108.01; New York County; New York,3161.0,160719.0,40.8,1946.0,3149.0,2024,ACS 5-Year
36061010802,36,061,010802,Manhattan,Census Tract 108.02; New York County; New York,4136.0,134004.0,63.5,2184.0,3175.0,2024,ACS 5-Year
36061010803,36,061,010803,Manhattan,Census Tract 108.03; New York County; New York,1922.0,119178.0,43.7,1162.0,3221.0,2024,ACS 5-Year
36061010900,36,061,010900,Manhattan,Census Tract 109; New York County; New York,208.0,163542.0,33.0,151.0,3324.0,2024,ACS 5-Year
36061011000,36,061,011000,Manhattan,Census Tract 110; New York County; New York,6760.0,150164.0,34.3,4601.0,2812.0,2024,ACS 5-Year
36061011100,36,061,011100,Manhattan,Census Tract 111; New York County; New York,4711.0,104451.0,33.9,3427.0,2986.0,2024,ACS 5-Year
36061011201,36,061,011201,Manhattan,Census Tract 112.01; New York County; New York,862.0,163750.0,47.1,477.0,3501.0,2024,ACS 5-Year
36061011202,36,061,011202,Manhattan,Census Tract 112.02; New York County; New York,518.0,211563.0,68.6,270.0,3501.0,2024,ACS 5-Year
36061011203,36,061,011203,Manhattan,Census Tract 112.03; New York County; New York,986.0,167083.0,42.8,544.0,3501.0,2024,ACS 5-Year
36061011300,36,061,011300,Manhattan,Census Tract 113; New York County; New York,136.0,93750.0,36.9,56.0,2750.0,2024,ACS 5-Year
36061011401,36,061,011401,Manhattan,Census Tract 114.01; New York County; New York,1026.0,155809.0,62.7,416.0,3501.0,2024,ACS 5-Year
36061011402,36,061,011402,Manhattan,Census Tract 114.02; New York County; New York,2298.0,206818.0,44.0,1346.0,3350.0,2024,ACS 5-Year
36061011500,36,061,011500,Manhattan,Census Tract 115; New York County; New York,3947.0,138750.0,32.8,2441.0,3199.0,2024,ACS 5-Year
36061011600,36,061,011600,Manhattan,Census Tract 116; New York County; New York,2721.0,90212.0,44.4,1553.0,1905.0,2024,ACS 5-Year
36061011700,36,061,011700,Manhattan,Census Tract 117; New York County; New York,5363.0,116048.0,36.5,4052.0,3501.0,2024,ACS 5-Year
36061011800,36,061,011800,Manhattan,Census Tract 118; New York County; New York,9264.0,139332.0,43.9,4787.0,2827.0,2024,ACS 5-Year
36061011900,36,061,011900,Manhattan,Census Tract 119; New York County; New York,1352.0,18050.0,64.5,287.0,347.0,2024,ACS 5-Year
36061012000,36,061,012000,Manhattan,Census Tract 120; New York County; New York,3489.0,192644.0,56.8,1792.0,3105.0,2024,ACS 5-Year
36061012101,36,061,012101,Manhattan,Census Tract 121.01; New York County; New York,3217.0,63690.0,31.1,1807.0,1752.0,2024,ACS 5-Year
36061012102,36,061,012102,Manhattan,Census Tract 121.02; New York County; New York,5029.0,62727.0,58.5,2733.0,1753.0,2024,ACS 5-Year
36061012200,36,061,012200,Manhattan,Census Tract 122; New York County; New York,3103.0,222909.0,54.5,1413.0,3208.0,2024,ACS 5-Year
36061012400,36,061,012400,Manhattan,Census Tract 124; New York County; New York,8984.0,120709.0,38.7,5720.0,2993.0,2024,ACS 5-Year
36061012500,36,061,012500,Manhattan,Census Tract 125; New York County; New York,2704.0,171250.0,39.7,1895.0,3501.0,2024,ACS 5-Year
36061012601,36,061,012601,Manhattan,Census Tract 126.01; New York County; New York,7014.0,136781.0,43.3,4191.0,2844.0,2024,ACS 5-Year
36061012602,36,061,012602,Manhattan,Census Tract 126.02; New York County; New York,4980.0,232600.0,38.0,3063.0,3501.0,2024,ACS 5-Year
36061012700,36,061,012700,Manhattan,Census Tract 127; New York County; New York,6307.0,120214.0,36.9,4691.0,2484.0,2024,ACS 5-Year
36061012800,36,061,012800,Manhattan,Census Tract 128; New York County; New York,5163.0,220256.0,60.1,2490.0,2663.0,2024,ACS 5-Year
36061012901,36,061,012901,Manhattan,Census Tract 129.01; New York County; New York,6806.0,110917.0,36.3,5056.0,2762.0,2024,ACS 5-Year
36061012902,36,061,012902,Manhattan,Census Tract 129.02; New York County; New York,2594.0,128625.0,37.1,1596.0,2433.0,2024,ACS 5-Year
36061013000,36,061,013000,Manhattan,Census Tract 130; New York County; New York,3336.0,212414.0,53.7,1770.0,3206.0,2024,ACS 5-Year
36061013100,36,061,013100,Manhattan,Census Tract 131; New York County; New York,3485.0,136346.0,40.9,2324.0,3128.0,2024,ACS 5-Year
36061013201,36,061,013201,Manhattan,Census Tract 132.01; New York County; New York,2364.0,162054.0,32.5,1631.0,2574.0,2024,ACS 5-Year
36061013202,36,061,013202,Manhattan,Census Tract 132.02; New York County; New York,3616.0,101836.0,37.6,2121.0,3104.0,2024,ACS 5-Year
36061013203,36,061,013203,Manhattan,Census Tract 132.03; New York County; New York,4276.0,122083.0,36.5,2641.0,2336.0,2024,ACS 5-Year
36061013300,36,061,013300,Manhattan,Census Tract 133; New York County; New York,6146.0,156829.0,38.2,4199.0,3090.0,2024,ACS 5-Year
36061013400,36,061,013400,Manhattan,Census Tract 134; New York County; New York,10475.0,122163.0,37.0,6079.0,2716.0,2024,ACS 5-Year
36061013501,36,061,013501,Manhattan,Census Tract 135.01; New York County; New York,4872.0,99265.0,37.2,2874.0,2839.0,2024,ACS 5-Year
36061013502,36,061,013502,Manhattan,Census Tract 135.02; New York County; New York,5873.0,95693.0,39.1,3574.0,2509.0,2024,ACS 5-Year
36061013601,36,061,013601,Manhattan,Census Tract 136.01; New York County; New York,1979.0,250001.0,64.1,1022.0,3501.0,2024,ACS 5-Year
36061013602,36,061,013602,Manhattan,Census Tract 136.02; New York County; New York,6373.0,188628.0,40.0,3357.0,3251.0,2024,ACS 5-Year
36061013603,36,061,013603,Manhattan,Census Tract 136.03; New York County; New York,4459.0,171912.0,38.6,2840.0,3326.0,2024,ACS 5-Year
36061013604,36,061,013604,Manhattan,Census Tract 136.04; New York County; New York,4030.0,168970.0,41.8,2947.0,2453.0,2024,ACS 5-Year
36061013700,36,061,013700,Manhattan,Census Tract 137; New York County; New York,6600.0,167929.0,47.3,4465.0,3501.0,2024,ACS 5-Year
36061013800,36,061,013800,Manhattan,Census Tract 138; New York County; New York,11607.0,141343.0,42.8,7448.0,2490.0,2024,ACS 5-Year
36061013900,36,061,013900,Manhattan,Census Tract 139; New York County; New York,9952.0,108071.0,37.8,6852.0,2408.0,2024,ACS 5-Year
36061014000,36,061,014000,Manhattan,Census Tract 140; New York County; New York,8051.0,220066.0,45.4,4248.0,2913.0,2024,ACS 5-Year
36061014200,36,061,014200,Manhattan,Census Tract 142; New York County; New York,3979.0,250001.0,52.0,2077.0,3501.0,2024,ACS 5-Year
36061014300,36,061,014300,Manhattan,Census Tract 143; New York County; New York,0.0,,,0.0,,2024,ACS 5-Year
36061014401,36,061,014401,Manhattan,Census Tract 144.01; New York County; New York,5006.0,202966.0,47.0,2882.0,2958.0,2024,ACS 5-Year
36061014402,36,061,014402,Manhattan,Census Tract 144.02; New York County; New York,6799.0,163086.0,50.3,4120.0,2700.0,2024,ACS 5-Year
36061014500,36,061,014500,Manhattan,Census Tract 145; New York County; New York,7329.0,186389.0,39.0,3776.0,3501.0,2024,ACS 5-Year
36061014601,36,061,014601,Manhattan,Census Tract 146.01; New York County; New York,3940.0,139000.0,37.0,2306.0,2701.0,2024,ACS 5-Year
36061014602,36,061,014602,Manhattan,Census Tract 146.02; New York County; New York,8144.0,132457.0,40.2,4922.0,2533.0,2024,ACS 5-Year
36061014700,36,061,014700,Manhattan,Census Tract 147; New York County; New York,2840.0,202250.0,36.6,1835.0,3501.0,2024,ACS 5-Year
36061014801,36,061,014801,Manhattan,Census Tract 148.01; New York County; New York,3127.0,202670.0,45.9,1568.0,2901.0,2024,ACS 5-Year
36061014802,36,061,014802,Manhattan,Census Tract 148.02; New York County; New York,7150.0,179304.0,39.5,4038.0,3124.0,2024,ACS 5-Year
36061014900,36,061,014900,Manhattan,Census Tract 149; New York County; New York,6074.0,184896.0,53.1,3086.0,3501.0,2024,ACS 5-Year
36061015001,36,061,015001,Manhattan,Census Tract 150.01; New York County; New York,2141.0,194659.0,49.2,1141.0,3328.0,2024,ACS 5-Year
36061015002,36,061,015002,Manhattan,Census Tract 150.02; New York County; New York,4904.0,243480.0,55.7,2006.0,3501.0,2024,ACS 5-Year
36061015101,36,061,015101,Manhattan,Census Tract 151.01; New York County; New York,3476.0,44107.0,31.7,1200.0,828.0,2024,ACS 5-Year
36061015102,36,061,015102,Manhattan,Census Tract 151.02; New York County; New York,9611.0,163274.0,35.8,5124.0,3501.0,2024,ACS 5-Year
36061015200,36,061,015200,Manhattan,Census Tract 152; New York County; New York,7667.0,114940.0,40.7,3584.0,2140.0,2024,ACS 5-Year
36061015301,36,061,015301,Manhattan,Census Tract 153.01; New York County; New York,4799.0,186949.0,45.4,2422.0,3240.0,2024,ACS 5-Year
36061015302,36,061,015302,Manhattan,Census Tract 153.02; New York County; New York,5448.0,189453.0,42.5,3157.0,3501.0,2024,ACS 5-Year
36061015401,36,061,015401,Manhattan,Census Tract 154.01; New York County; New York,4594.0,122860.0,44.3,3210.0,2200.0,2024,ACS 5-Year
36061015402,36,061,015402,Manhattan,Census Tract 154.02; New York County; New York,3724.0,147589.0,37.3,2018.0,2637.0,2024,ACS 5-Year
36061015403,36,061,015403,Manhattan,Census Tract 154.03; New York County; New York,5055.0,129848.0,46.6,2370.0,,2024,ACS 5-Year
36061015501,36,061,015501,Manhattan,Census Tract 155.01; New York County; New York,4969.0,186563.0,53.7,2561.0,3501.0,2024,ACS 5-Year
36061015502,36,061,015502,Manhattan,Census Tract 155.02; New York County; New York,5500.0,177841.0,51.7,2761.0,3501.0,2024,ACS 5-Year
36061015601,36,061,015601,Manhattan,Census Tract 156.01; New York County; New York,5172.0,127741.0,35.5,3364.0,3037.0,2024,ACS 5-Year
36061015602,36,061,015602,Manhattan,Census Tract 156.02; New York County; New York,2244.0,75147.0,38.8,1204.0,2226.0,2024,ACS 5-Year
36061015700,36,061,015700,Manhattan,Census Tract 157; New York County; New York,10669.0,163712.0,43.5,6533.0,2981.0,2024,ACS 5-Year
36061015801,36,061,015801,Manhattan,Census Tract 158.01; New York County; New York,5188.0,177750.0,42.5,3159.0,2489.0,2024,ACS 5-Year
36061015802,36,061,015802,Manhattan,Census Tract 158.02; New York County; New York,4260.0,95391.0,32.4,2421.0,3501.0,2024,ACS 5-Year
36061015900,36,061,015900,Manhattan,Census Tract 159; New York County; New York,9194.0,156830.0,48.4,5765.0,2729.0,2024,ACS 5-Year
36061016001,36,061,016001,Manhattan,Census Tract 160.01; New York County; New York,3118.0,250001.0,57.5,1634.0,3094.0,2024,ACS 5-Year
36061016002,36,061,016002,Manhattan,Census Tract 160.02; New York County; New York,3183.0,121216.0,35.6,1583.0,2163.0,2024,ACS 5-Year
36061016100,36,061,016100,Manhattan,Census Tract 161; New York County; New York,5756.0,179179.0,39.5,3837.0,3225.0,2024,ACS 5-Year
36061016200,36,061,016200,Manhattan,Census Tract 162; New York County; New York,9320.0,21942.0,44.5,2668.0,925.0,2024,ACS 5-Year
36061016300,36,061,016300,Manhattan,Census Tract 163; New York County; New York,7253.0,137829.0,47.0,3839.0,2547.0,2024,ACS 5-Year
36061016400,36,061,016400,Manhattan,Census Tract 164; New York County; New York,8310.0,26544.0,38.0,2646.0,1045.0,2024,ACS 5-Year
36061016500,36,061,016500,Manhattan,Census Tract 165; New York County; New York,7098.0,213661.0,45.4,3499.0,2743.0,2024,ACS 5-Year
36061016600,36,061,016600,Manhattan,Census Tract 166; New York County; New York,6888.0,50231.0,34.0,2847.0,1288.0,2024,ACS 5-Year
36061016700,36,061,016700,Manhattan,Census Tract 167; New York County; New York,7884.0,250001.0,43.8,3698.0,2943.0,2024,ACS 5-Year
36061016800,36,061,016800,Manhattan,Census Tract 168; New York County; New York,5041.0,38833.0,39.6,1628.0,840.0,2024,ACS 5-Year
36061016900,36,061,016900,Manhattan,Census Tract 169; New York County; New York,8103.0,184268.0,42.3,5077.0,3118.0,2024,ACS 5-Year
36061017000,36,061,017000,Manhattan,Census Tract 170; New York County; New York,8791.0,40027.0,40.4,3691.0,1369.0,2024,ACS 5-Year
36061017100,36,061,017100,Manhattan,Census Tract 171; New York County; New York,8464.0,149587.0,48.9,4648.0,3199.0,2024,ACS 5-Year
36061017200,36,061,017200,Manhattan,Census Tract 172; New York County; New York,5630.0,34024.0,36.1,2521.0,1354.0,2024,ACS 5-Year
36061017300,36,061,017300,Manhattan,Census Tract 173; New York County; New York,9343.0,162625.0,44.4,4951.0,2957.0,2024,ACS 5-Year
36061017401,36,061,017401,Manhattan,Census Tract 174.01; New York County; New York,5321.0,37975.0,47.5,2307.0,1105.0,2024,ACS 5-Year
36061017402,36,061,017402,Manhattan,Census Tract 174.02; New York County; New York,2887.0,81364.0,34.6,1754.0,2518.0,2024,ACS 5-Year
36061017500,36,061,017500,Manhattan,Census Tract 175; New York County; New York,10499.0,154118.0,52.3,5872.0,2811.0,2024,ACS 5-Year
36061017700,36,061,017700,Manhattan,Census Tract 177; New York County; New York,10030.0,108429.0,36.9,4969.0,2314.0,2024,ACS 5-Year
36061017800,36,061,017800,Manhattan,Census Tract 178; New York County; New York,3786.0,56875.0,35.1,1935.0,2058.0,2024,ACS 5-Year
36061017900,36,061,017900,Manhattan,Census Tract 179; New York County; New York,9875.0,168859.0,40.6,5865.0,2411.0,2024,ACS 5-Year
36061018000,36,061,018000,Manhattan,Census Tract 180; New York County; New York,6980.0,50560.0,36.7,2988.0,1139.0,2024,ACS 5-Year
36061018100,36,061,018100,Manhattan,Census Tract 181; New York County; New York,8408.0,114966.0,50.7,3805.0,1751.0,2024,ACS 5-Year
36061018200,36,061,018200,Manhattan,Census Tract 182; New York County; New York,7266.0,38942.0,35.4,2954.0,1424.0,2024,ACS 5-Year
36061018300,36,061,018300,Manhattan,Census Tract 183; New York County; New York,8440.0,149367.0,39.8,4892.0,3040.0,2024,ACS 5-Year
36061018400,36,061,018400,Manhattan,Census Tract 184; New York County; New York,8225.0,51866.0,37.2,3402.0,1251.0,2024,ACS 5-Year
36061018500,36,061,018500,Manhattan,Census Tract 185; New York County; New York,5060.0,162188.0,36.9,2850.0,3361.0,2024,ACS 5-Year
36061018600,36,061,018600,Manhattan,Census Tract 186; New York County; New York,6104.0,50862.0,31.7,2369.0,899.0,2024,ACS 5-Year
36061018700,36,061,018700,Manhattan,Census Tract 187; New York County; New York,9907.0,145459.0,36.5,4825.0,2549.0,2024,ACS 5-Year
36061018800,36,061,018800,Manhattan,Census Tract 188; New York County; New York,4685.0,27237.0,38.4,2683.0,1330.0,2024,ACS 5-Year
36061018900,36,061,018900,Manhattan,Census Tract 189; New York County; New York,10267.0,44263.0,43.8,4006.0,1290.0,2024,ACS 5-Year
36061019000,36,061,019000,Manhattan,Census Tract 190; New York County; New York,3735.0,121438.0,40.8,2001.0,1248.0,2024,ACS 5-Year
36061019100,36,061,019100,Manhattan,Census Tract 191; New York County; New York,8055.0,142500.0,49.3,4661.0,2153.0,2024,ACS 5-Year
36061019200,36,061,019200,Manhattan,Census Tract 192; New York County; New York,3868.0,19525.0,36.7,1297.0,598.0,2024,ACS 5-Year
36061019300,36,061,019300,Manhattan,Census Tract 193; New York County; New York,9211.0,67090.0,35.4,4621.0,1590.0,2024,ACS 5-Year
36061019400,36,061,019400,Manhattan,Census Tract 194; New York County; New York,5879.0,45750.0,36.8,3116.0,1378.0,2024,ACS 5-Year
36061019500,36,061,019500,Manhattan,Census Tract 195; New York County; New York,7632.0,122103.0,43.3,4247.0,2122.0,2024,ACS 5-Year
36061019600,36,061,019600,Manhattan,Census Tract 196; New York County; New York,4166.0,28069.0,39.0,1385.0,647.0,2024,ACS 5-Year
36061019701,36,061,019701,Manhattan,Census Tract 197.01; New York County; New York,962.0,57292.0,31.8,487.0,3501.0,2024,ACS 5-Year
36061019702,36,061,019702,Manhattan,Census Tract 197.02; New York County; New York,2531.0,111250.0,34.5,1455.0,2794.0,2024,ACS 5-Year
36061019800,36,061,019800,Manhattan,Census Tract 198; New York County; New York,2511.0,108250.0,43.3,1534.0,2438.0,2024,ACS 5-Year
36061019900,36,061,019900,Manhattan,Census Tract 199; New York County; New York,8918.0,83929.0,30.1,3966.0,2037.0,2024,ACS 5-Year
36061020000,36,061,020000,Manhattan,Census Tract 200; New York County; New York,2763.0,57034.0,46.6,1415.0,1822.0,2024,ACS 5-Year
36061020101,36,061,020101,Manhattan,Census Tract 201.01; New York County; New York,1968.0,152250.0,21.9,1045.0,3257.0,2024,ACS 5-Year
36061020102,36,061,020102,Manhattan,Census Tract 201.02; New York County; New York,4148.0,83375.0,38.2,2226.0,2161.0,2024,ACS 5-Year
36061020300,36,061,020300,Manhattan,Census Tract 203; New York County; New York,3989.0,67528.0,20.0,1409.0,2442.0,2024,ACS 5-Year
36061020500,36,061,020500,Manhattan,Census Tract 205; New York County; New York,5532.0,196576.0,21.7,2727.0,2904.0,2024,ACS 5-Year
36061020600,36,061,020600,Manhattan,Census Tract 206; New York County; New York,3481.0,50864.0,40.1,1717.0,1639.0,2024,ACS 5-Year
36061020701,36,061,020701,Manhattan,Census Tract 207.01; New York County; New York,2826.0,92788.0,27.8,1583.0,2285.0,2024,ACS 5-Year
36061020800,36,061,020800,Manhattan,Census Tract 208; New York County; New York,5391.0,73197.0,33.6,2735.0,1588.0,2024,ACS 5-Year
36061020901,36,061,020901,Manhattan,Census Tract 209.01; New York County; New York,3656.0,25357.0,40.2,1161.0,907.0,2024,ACS 5-Year
36061021000,36,061,021000,Manhattan,Census Tract 210; New York County; New York,6552.0,43645.0,36.5,2484.0,1416.0,2024,ACS 5-Year
36061021100,36,061,021100,Manhattan,Census Tract 211; New York County; New York,9865.0,65753.0,33.6,4535.0,1608.0,2024,ACS 5-Year
36061021200,36,061,021200,Manhattan,Census Tract 212; New York County; New York,5225.0,69702.0,40.6,2601.0,2015.0,2024,ACS 5-Year
36061021303,36,061,021303,Manhattan,Census Tract 213.03; New York County; New York,5804.0,57119.0,38.7,2987.0,1536.0,2024,ACS 5-Year
36061021400,36,061,021400,Manhattan,Census Tract 214; New York County; New York,2953.0,51068.0,49.3,1755.0,1515.0,2024,ACS 5-Year
36061021500,36,061,021500,Manhattan,Census Tract 215; New York County; New York,3863.0,56884.0,37.6,2026.0,1536.0,2024,ACS 5-Year
36061021600,36,061,021600,Manhattan,Census Tract 216; New York County; New York,8912.0,73831.0,37.3,5224.0,1568.0,2024,ACS 5-Year
36061021703,36,061,021703,Manhattan,Census Tract 217.03; New York County; New York,348.0,,19.9,143.0,,2024,ACS 5-Year
36061021800,36,061,021800,Manhattan,Census Tract 218; New York County; New York,6128.0,47193.0,39.9,3319.0,1443.0,2024,ACS 5-Year
36061021900,36,061,021900,Manhattan,Census Tract 219; New York County; New York,5390.0,21938.0,34.3,1498.0,783.0,2024,ACS 5-Year
36061022000,36,061,022000,Manhattan,Census Tract 220; New York County; New York,6087.0,74151.0,40.1,3542.0,2117.0,2024,ACS 5-Year
36061022102,36,061,022102,Manhattan,Census Tract 221.02; New York County; New York,2350.0,67669.0,41.2,1469.0,1873.0,2024,ACS 5-Year
36061022200,36,061,022200,Manhattan,Census Tract 222; New York County; New York,3595.0,84071.0,40.2,1752.0,2123.0,2024,ACS 5-Year
36061022301,36,061,022301,Manhattan,Census Tract 223.01; New York County; New York,7226.0,50668.0,34.1,3259.0,1713.0,2024,ACS 5-Year
36061022302,36,061,022302,Manhattan,Census Tract 223.02; New York County; New York,2870.0,50238.0,39.5,1346.0,1721.0,2024,ACS 5-Year
36061022400,36,061,022400,Manhattan,Census Tract 224; New York County; New York,6682.0,19326.0,38.9,1849.0,1042.0,2024,ACS 5-Year
36061022500,36,061,022500,Manhattan,Census Tract 225; New York County; New York,11327.0,53424.0,42.3,5633.0,1534.0,2024,ACS 5-Year
36061022600,36,061,022600,Manhattan,Census Tract 226; New York County; New York,5673.0,86559.0,36.8,2727.0,1886.0,2024,ACS 5-Year
36061022700,36,061,022700,Manhattan,Census Tract 227; New York County; New York,5887.0,63574.0,41.4,3198.0,1791.0,2024,ACS 5-Year
36061022800,36,061,022800,Manhattan,Census Tract 228; New York County; New York,5713.0,63413.0,40.9,2705.0,1411.0,2024,ACS 5-Year
36061022900,36,061,022900,Manhattan,Census Tract 229; New York County; New York,7702.0,60346.0,36.7,3667.0,1729.0,2024,ACS 5-Year
36061023000,36,061,023000,Manhattan,Census Tract 230; New York County; New York,8773.0,27860.0,40.9,2922.0,1308.0,2024,ACS 5-Year
36061023100,36,061,023100,Manhattan,Census Tract 231; New York County; New York,7132.0,69949.0,37.1,3691.0,1777.0,2024,ACS 5-Year
36061023200,36,061,023200,Manhattan,Census Tract 232; New York County; New York,9183.0,27967.0,34.8,3652.0,1164.0,2024,ACS 5-Year
36061023300,36,061,023300,Manhattan,Census Tract 233; New York County; New York,7367.0,84927.0,35.1,3996.0,2269.0,2024,ACS 5-Year
36061023400,36,061,023400,Manhattan,Census Tract 234; New York County; New York,5442.0,62346.0,38.0,2673.0,1687.0,2024,ACS 5-Year
36061023501,36,061,023501,Manhattan,Census Tract 235.01; New York County; New York,7506.0,71893.0,37.2,3823.0,1655.0,2024,ACS 5-Year
36061023502,36,061,023502,Manhattan,Census Tract 235.02; New York County; New York,1858.0,44491.0,39.6,747.0,1389.0,2024,ACS 5-Year
36061023600,36,061,023600,Manhattan,Census Tract 236; New York County; New York,11042.0,43679.0,44.9,3936.0,1175.0,2024,ACS 5-Year
36061023700,36,061,023700,Manhattan,Census Tract 237; New York County; New York,6677.0,60404.0,35.8,3403.0,1882.0,2024,ACS 5-Year
36061023802,36,061,023802,Manhattan,Census Tract 238.02; New York County; New York,4704.0,100870.0,41.8,1955.0,3491.0,2024,ACS 5-Year
36061023803,36,061,023803,Manhattan,Census Tract 238.03; New York County; New York,3270.0,80724.0,43.0,1864.0,2451.0,2024,ACS 5-Year
36061023804,36,061,023804,Manhattan,Census Tract 238.04; New York County; New York,3546.0,183536.0,32.8,2046.0,3501.0,2024,ACS 5-Year
36061023900,36,061,023900,Manhattan,Census Tract 239; New York County; New York,3184.0,48816.0,36.3,1648.0,1645.0,2024,ACS 5-Year
36061024000,36,061,024000,Manhattan,Census Tract 240; New York County; New York,2395.0,,44.7,378.0,,2024,ACS 5-Year
36061024100,36,061,024100,Manhattan,Census Tract 241; New York County; New York,7915.0,59500.0,44.1,3151.0,1411.0,2024,ACS 5-Year
36061024200,36,061,024200,Manhattan,Census Tract 242; New York County; New York,5847.0,42617.0,34.3,1946.0,996.0,2024,ACS 5-Year
36061024301,36,061,024301,Manhattan,Census Tract 243.01; New York County; New York,4681.0,74226.0,36.2,2480.0,1575.0,2024,ACS 5-Year
36061024302,36,061,024302,Manhattan,Census Tract 243.02; New York County; New York,7627.0,23574.0,33.7,2545.0,718.0,2024,ACS 5-Year
36061024500,36,061,024500,Manhattan,Census Tract 245; New York County; New York,14577.0,51403.0,38.9,5194.0,1455.0,2024,ACS 5-Year
36061024700,36,061,024700,Manhattan,Census Tract 247; New York County; New York,6102.0,83605.0,45.7,3291.0,1461.0,2024,ACS 5-Year
36061024900,36,061,024900,Manhattan,Census Tract 249; New York County; New York,984.0,68000.0,40.6,554.0,1991.0,2024,ACS 5-Year
36061025100,36,061,025100,Manhattan,Census Tract 251; New York County; New York,2502.0,37839.0,42.0,1017.0,1239.0,2024,ACS 5-Year
36061025300,36,061,025300,Manhattan,Census Tract 253; New York County; New York,10189.0,72763.0,37.4,4750.0,1895.0,2024,ACS 5-Year
36061025500,36,061,025500,Manhattan,Census Tract 255; New York County; New York,5562.0,78315.0,40.0,3477.0,1719.0,2024,ACS 5-Year
36061025700,36,061,025700,Manhattan,Census Tract 257; New York County; New York,4443.0,104033.0,40.1,2703.0,2319.0,2024,ACS 5-Year
36061025900,36,061,025900,Manhattan,Census Tract 259; New York County; New York,4790.0,79429.0,34.2,2574.0,1363.0,2024,ACS 5-Year
36061026100,36,061,026100,Manhattan,Census Tract 261; New York County; New York,12041.0,40352.0,38.2,4936.0,1446.0,2024,ACS 5-Year
36061026300,36,061,026300,Manhattan,Census Tract 263; New York County; New York,8342.0,67024.0,34.6,4348.0,1796.0,2024,ACS 5-Year
36061026500,36,061,026500,Manhattan,Census Tract 265; New York County; New York,7702.0,92434.0,40.2,4365.0,1774.0,2024,ACS 5-Year
36061026700,36,061,026700,Manhattan,Census Tract 267; New York County; New York,2227.0,51250.0,23.8,1044.0,1735.0,2024,ACS 5-Year
36061026900,36,061,026900,Manhattan,Census Tract 269; New York County; New York,7601.0,52389.0,38.4,2987.0,1347.0,2024,ACS 5-Year
36061027100,36,061,027100,Manhattan,Census Tract 271; New York County; New York,7742.0,71595.0,42.9,4171.0,1761.0,2024,ACS 5-Year
36061027300,36,061,027300,Manhattan,Census Tract 273; New York County; New York,7434.0,122654.0,36.6,4161.0,2378.0,2024,ACS 5-Year
36061027500,36,061,027500,Manhattan,Census Tract 275; New York County; New York,3164.0,170000.0,48.0,1870.0,2140.0,2024,ACS 5-Year
36061027700,36,061,027700,Manhattan,Census Tract 277; New York County; New York,6441.0,58086.0,41.6,2717.0,1500.0,2024,ACS 5-Year
36061027900,36,061,027900,Manhattan,Census Tract 279; New York County; New York,9587.0,68596.0,39.3,5103.0,1741.0,2024,ACS 5-Year
36061028100,36,061,028100,Manhattan,Census Tract 281; New York County; New York,3308.0,143194.0,40.9,1825.0,2334.0,2024,ACS 5-Year
36061028300,36,061,028300,Manhattan,Census Tract 283; New York County; New York,8040.0,64803.0,46.4,3637.0,1629.0,2024,ACS 5-Year
36061028500,36,061,028500,Manhattan,Census Tract 285; New York County; New York,7094.0,51026.0,42.1,2704.0,1459.0,2024,ACS 5-Year
36061028700,36,061,028700,Manhattan,Census Tract 287; New York County; New York,3690.0,89476.0,42.2,1952.0,2009.0,2024,ACS 5-Year
36061029100,36,061,029100,Manhattan,Census Tract 291; New York County; New York,10870.0,62348.0,37.0,5719.0,1425.0,2024,ACS 5-Year
36061029300,36,061,029300,Manhattan,Census Tract 293; New York County; New York,8011.0,35987.0,33.7,3391.0,1662.0,2024,ACS 5-Year
36061029500,36,061,029500,Manhattan,Census Tract 295; New York County; New York,7565.0,87108.0,40.3,4652.0,1772.0,2024,ACS 5-Year
36061029700,36,061,029700,Manhattan,Census Tract 297; New York County; New York,13.0,,45.3,0.0,,2024,ACS 5-Year
36061029900,36,061,029900,Manhattan,Census Tract 299; New York County; New York,3532.0,34731.0,48.9,1273.0,922.0,2024,ACS 5-Year
36061030300,36,061,030300,Manhattan,Census Tract 303; New York County; New York,3309.0,94208.0,44.7,1951.0,2023.0,2024,ACS 5-Year
36061030700,36,061,030700,Manhattan,Census Tract 307; New York County; New York,3563.0,108073.0,49.6,2317.0,2021.0,2024,ACS 5-Year
36061030900,36,061,030900,Manhattan,Census Tract 309; New York County; New York,10253.0,40438.0,34.4,4032.0,1518.0,2024,ACS 5-Year
36061031100,36,061,031100,Manhattan,Census Tract 311; New York County; New York,0.0,,,0.0,,2024,ACS 5-Year
36061031703,36,061,031703,Manhattan,Census Tract 317.03; New York County; New York,5887.0,250001.0,39.3,3338.0,3501.0,2024,ACS 5-Year
36061031704,36,061,031704,Manhattan,Census Tract 317.04; New York County; New York,10097.0,218917.0,40.9,7142.0,3501.0,2024,ACS 5-Year
36061031900,36,061,031900,Manhattan,Census Tract 319; New York County; New York,0.0,,,0.0,,2024,ACS 5-Year
36081000101,36,081,000101,Queens,Census Tract 1.01; Queens County; New York,4665.0,134304.0,39.4,2921.0,3250.0,2024,ACS 5-Year
36081000102,36,081,000102,Queens,Census Tract 1.02; Queens County; New York,6790.0,213135.0,33.4,4768.0,3501.0,2024,ACS 5-Year
36081000103,36,081,000103,Queens,Census Tract 1.03; Queens County; New York,35.0,,53.8,35.0,,2024,ACS 5-Year
36081000104,36,081,000104,Queens,Census Tract 1.04; Queens County; New York,281.0,,43.9,64.0,,2024,ACS 5-Year
36081000200,36,081,000200,Queens,Census Tract 2; Queens County; New York,2439.0,84643.0,42.3,1231.0,1975.0,2024,ACS 5-Year
36081000400,36,081,000400,Queens,Census Tract 4; Queens County; New York,4102.0,74107.0,40.0,1867.0,2147.0,2024,ACS 5-Year
36081000600,36,081,000600,Queens,Census Tract 6; Queens County; New York,3549.0,101042.0,38.3,1402.0,1911.0,2024,ACS 5-Year
36081000701,36,081,000701,Queens,Census Tract 7.01; Queens County; New York,3691.0,136875.0,35.1,2535.0,2847.0,2024,ACS 5-Year
36081000702,36,081,000702,Queens,Census Tract 7.02; Queens County; New York,4643.0,132368.0,35.0,2377.0,2666.0,2024,ACS 5-Year
36081000800,36,081,000800,Queens,Census Tract 8; Queens County; New York,3768.0,111856.0,43.2,1621.0,2177.0,2024,ACS 5-Year
36081001000,36,081,001000,Queens,Census Tract 10; Queens County; New York,4636.0,85625.0,34.9,2228.0,2342.0,2024,ACS 5-Year
36081001200,36,081,001200,Queens,Census Tract 12; Queens County; New York,4603.0,86524.0,36.7,2144.0,1704.0,2024,ACS 5-Year
36081001400,36,081,001400,Queens,Census Tract 14; Queens County; New York,3609.0,80456.0,45.6,1937.0,1845.0,2024,ACS 5-Year
36081001600,36,081,001600,Queens,Census Tract 16; Queens County; New York,2650.0,77500.0,46.4,1265.0,2040.0,2024,ACS 5-Year
36081001800,36,081,001800,Queens,Census Tract 18; Queens County; New York,3025.0,118694.0,45.9,1470.0,2190.0,2024,ACS 5-Year
36081001901,36,081,001901,Queens,Census Tract 19.01; Queens County; New York,1738.0,232109.0,35.1,1456.0,3501.0,2024,ACS 5-Year
36081001902,36,081,001902,Queens,Census Tract 19.02; Queens County; New York,6561.0,171458.0,30.9,5280.0,3501.0,2024,ACS 5-Year
36081001903,36,081,001903,Queens,Census Tract 19.03; Queens County; New York,2060.0,172986.0,31.2,1708.0,3501.0,2024,ACS 5-Year
36081002000,36,081,002000,Queens,Census Tract 20; Queens County; New York,1774.0,138750.0,45.1,760.0,2485.0,2024,ACS 5-Year
36081002200,36,081,002200,Queens,Census Tract 22; Queens County; New York,2021.0,71667.0,37.9,849.0,1619.0,2024,ACS 5-Year
36081002400,36,081,002400,Queens,Census Tract 24; Queens County; New York,2080.0,88421.0,39.4,771.0,2091.0,2024,ACS 5-Year
36081002500,36,081,002500,Queens,Census Tract 25; Queens County; New York,6530.0,26044.0,34.7,2867.0,639.0,2024,ACS 5-Year
36081002600,36,081,002600,Queens,Census Tract 26; Queens County; New York,2236.0,135267.0,41.3,1076.0,1853.0,2024,ACS 5-Year
36081002800,36,081,002800,Queens,Census Tract 28; Queens County; New York,2883.0,89545.0,44.5,1717.0,1629.0,2024,ACS 5-Year
36081003000,36,081,003000,Queens,Census Tract 30; Queens County; New York,1410.0,120417.0,36.8,791.0,2109.0,2024,ACS 5-Year
36081003100,36,081,003100,Queens,Census Tract 31; Queens County; New York,1715.0,121908.0,33.3,1090.0,2583.0,2024,ACS 5-Year
36081003200,36,081,003200,Queens,Census Tract 32; Queens County; New York,1902.0,130160.0,41.2,968.0,2397.0,2024,ACS 5-Year
36081003301,36,081,003301,Queens,Census Tract 33.01; Queens County; New York,4042.0,152056.0,31.0,3141.0,3463.0,2024,ACS 5-Year
36081003302,36,081,003302,Queens,Census Tract 33.02; Queens County; New York,1056.0,80385.0,33.0,567.0,2288.0,2024,ACS 5-Year
36081003400,36,081,003400,Queens,Census Tract 34; Queens County; New York,2619.0,74922.0,39.8,1038.0,1972.0,2024,ACS 5-Year
36081003600,36,081,003600,Queens,Census Tract 36; Queens County; New York,3330.0,64459.0,40.8,1341.0,1803.0,2024,ACS 5-Year
36081003700,36,081,003700,Queens,Census Tract 37; Queens County; New York,0.0,,,0.0,,2024,ACS 5-Year
36081003800,36,081,003800,Queens,Census Tract 38; Queens County; New York,2185.0,86146.0,37.2,1050.0,1765.0,2024,ACS 5-Year
36081003900,36,081,003900,Queens,Census Tract 39; Queens County; New York,1480.0,59988.0,33.7,721.0,2206.0,2024,ACS 5-Year
36081004001,36,081,004001,Queens,Census Tract 40.01; Queens County; New York,2063.0,92500.0,42.9,1206.0,1763.0,2024,ACS 5-Year
36081004002,36,081,004002,Queens,Census Tract 40.02; Queens County; New York,1766.0,49379.0,49.5,476.0,1695.0,2024,ACS 5-Year
36081004200,36,081,004200,Queens,Census Tract 42; Queens County; New York,4651.0,67270.0,36.1,1923.0,1990.0,2024,ACS 5-Year
36081004300,36,081,004300,Queens,Census Tract 43; Queens County; New York,2033.0,26814.0,39.0,599.0,808.0,2024,ACS 5-Year
36081004401,36,081,004401,Queens,Census Tract 44.01; Queens County; New York,3493.0,61920.0,36.5,1603.0,1811.0,2024,ACS 5-Year
36081004500,36,081,004500,Queens,Census Tract 45; Queens County; New York,2758.0,97462.0,50.7,1447.0,1887.0,2024,ACS 5-Year
36081004700,36,081,004700,Queens,Census Tract 47; Queens County; New York,3963.0,56333.0,35.6,1718.0,1375.0,2024,ACS 5-Year
36081005000,36,081,005000,Queens,Census Tract 50; Queens County; New York,0.0,,,0.0,,2024,ACS 5-Year
36081005100,36,081,005100,Queens,Census Tract 51; Queens County; New York,2303.0,90104.0,33.5,1363.0,2107.0,2024,ACS 5-Year
36081005200,36,081,005200,Queens,Census Tract 52; Queens County; New York,2303.0,76300.0,36.4,1160.0,1989.0,2024,ACS 5-Year
36081005300,36,081,005300,Queens,Census Tract 53; Queens County; New York,5188.0,113816.0,34.5,3504.0,2141.0,2024,ACS 5-Year
36081005400,36,081,005400,Queens,Census Tract 54; Queens County; New York,5341.0,78633.0,46.0,2260.0,1772.0,2024,ACS 5-Year
36081005500,36,081,005500,Queens,Census Tract 55; Queens County; New York,1350.0,81310.0,32.7,675.0,2411.0,2024,ACS 5-Year
36081005700,36,081,005700,Queens,Census Tract 57; Queens County; New York,3800.0,94142.0,34.4,2448.0,2266.0,2024,ACS 5-Year
36081005800,36,081,005800,Queens,Census Tract 58; Queens County; New York,6242.0,91875.0,31.9,2687.0,1965.0,2024,ACS 5-Year
36081005900,36,081,005900,Queens,Census Tract 59; Queens County; New York,4208.0,76813.0,32.4,2065.0,2238.0,2024,ACS 5-Year
36081006100,36,081,006100,Queens,Census Tract 61; Queens County; New York,5207.0,106413.0,35.5,3731.0,2248.0,2024,ACS 5-Year
36081006201,36,081,006201,Queens,Census Tract 62.01; Queens County; New York,5870.0,61954.0,47.4,2338.0,1579.0,2024,ACS 5-Year
36081006202,36,081,006202,Queens,Census Tract 62.02; Queens County; New York,7327.0,91902.0,39.1,2983.0,2238.0,2024,ACS 5-Year
36081006300,36,081,006300,Queens,Census Tract 63; Queens County; New York,5613.0,137746.0,37.1,4224.0,2197.0,2024,ACS 5-Year
36081006501,36,081,006501,Queens,Census Tract 65.01; Queens County; New York,2983.0,94628.0,37.3,2016.0,2134.0,2024,ACS 5-Year
36081006502,36,081,006502,Queens,Census Tract 65.02; Queens County; New York,3975.0,80539.0,37.3,2455.0,2231.0,2024,ACS 5-Year
36081006900,36,081,006900,Queens,Census Tract 69; Queens County; New York,4767.0,121526.0,36.7,2891.0,2398.0,2024,ACS 5-Year
36081007100,36,081,007100,Queens,Census Tract 71; Queens County; New York,3488.0,89562.0,35.7,2316.0,2326.0,2024,ACS 5-Year
36081007300,36,081,007300,Queens,Census Tract 73; Queens County; New York,3813.0,101691.0,40.2,2593.0,2246.0,2024,ACS 5-Year
36081007500,36,081,007500,Queens,Census Tract 75; Queens County; New York,5002.0,79634.0,43.8,2574.0,2070.0,2024,ACS 5-Year
36081007700,36,081,007700,Queens,Census Tract 77; Queens County; New York,1913.0,139267.0,35.4,1163.0,2650.0,2024,ACS 5-Year
36081007900,36,081,007900,Queens,Census Tract 79; Queens County; New York,2742.0,111875.0,37.4,1750.0,2298.0,2024,ACS 5-Year
36081008100,36,081,008100,Queens,Census Tract 81; Queens County; New York,1530.0,122798.0,36.6,971.0,2959.0,2024,ACS 5-Year
36081008300,36,081,008300,Queens,Census Tract 83; Queens County; New York,2405.0,94803.0,34.4,1227.0,2029.0,2024,ACS 5-Year
36081008500,36,081,008500,Queens,Census Tract 85; Queens County; New York,1821.0,82708.0,28.9,664.0,2163.0,2024,ACS 5-Year
36081008600,36,081,008600,Queens,Census Tract 86; Queens County; New York,3341.0,89667.0,41.7,1475.0,1927.0,2024,ACS 5-Year
36081008700,36,081,008700,Queens,Census Tract 87; Queens County; New York,3480.0,,44.3,1275.0,911.0,2024,ACS 5-Year
36081008800,36,081,008800,Queens,Census Tract 88; Queens County; New York,3679.0,127313.0,37.6,1904.0,2166.0,2024,ACS 5-Year
36081009100,36,081,009100,Queens,Census Tract 91; Queens County; New York,1928.0,99070.0,40.7,1226.0,2366.0,2024,ACS 5-Year
36081009400,36,081,009400,Queens,Census Tract 94; Queens County; New York,2707.0,73636.0,34.4,1207.0,1831.0,2024,ACS 5-Year
36081009500,36,081,009500,Queens,Census Tract 95; Queens County; New York,1959.0,127946.0,35.9,1269.0,2597.0,2024,ACS 5-Year
36081009600,36,081,009600,Queens,Census Tract 96; Queens County; New York,3072.0,124423.0,46.4,1614.0,2097.0,2024,ACS 5-Year
36081009700,36,081,009700,Queens,Census Tract 97; Queens County; New York,3837.0,121088.0,37.2,2094.0,2323.0,2024,ACS 5-Year
36081009800,36,081,009800,Queens,Census Tract 98; Queens County; New York,2216.0,84458.0,43.8,1135.0,1778.0,2024,ACS 5-Year
36081009900,36,081,009900,Queens,Census Tract 99; Queens County; New York,0.0,,,0.0,,2024,ACS 5-Year
36081010000,36,081,010000,Queens,Census Tract 100; Queens County; New York,3082.0,114327.0,45.4,1620.0,2061.0,2024,ACS 5-Year
36081010100,36,081,010100,Queens,Census Tract 101; Queens County; New York,2686.0,147308.0,40.9,1457.0,2341.0,2024,ACS 5-Year
36081010200,36,081,010200,Queens,Census Tract 102; Queens County; New York,2731.0,107270.0,37.2,1557.0,2262.0,2024,ACS 5-Year
36081010300,36,081,010300,Queens,Census Tract 103; Queens County; New York,3915.0,84821.0,35.6,1962.0,1983.0,2024,ACS 5-Year
36081010400,36,081,010400,Queens,Census Tract 104; Queens County; New York,3746.0,95781.0,44.1,1598.0,1795.0,2024,ACS 5-Year
36081010500,36,081,010500,Queens,Census Tract 105; Queens County; New York,4668.0,65233.0,42.0,1993.0,2036.0,2024,ACS 5-Year
36081010600,36,081,010600,Queens,Census Tract 106; Queens County; New York,2785.0,121250.0,50.4,1202.0,1712.0,2024,ACS 5-Year
36081010701,36,081,010701,Queens,Census Tract 107.01; Queens County; New York,0.0,,,0.0,,2024,ACS 5-Year
36081010800,36,081,010800,Queens,Census Tract 108; Queens County; New York,3304.0,108299.0,35.9,1533.0,2269.0,2024,ACS 5-Year
36081011000,36,081,011000,Queens,Census Tract 110; Queens County; New York,2818.0,77031.0,43.0,1273.0,1954.0,2024,ACS 5-Year
36081011100,36,081,011100,Queens,Census Tract 111; Queens County; New York,2939.0,111125.0,36.3,1569.0,2380.0,2024,ACS 5-Year
36081011200,36,081,011200,Queens,Census Tract 112; Queens County; New York,2375.0,69030.0,46.0,1088.0,2514.0,2024,ACS 5-Year
36081011300,36,081,011300,Queens,Census Tract 113; Queens County; New York,4445.0,87393.0,35.1,2677.0,2316.0,2024,ACS 5-Year
36081011400,36,081,011400,Queens,Census Tract 114; Queens County; New York,1908.0,121442.0,29.6,954.0,2449.0,2024,ACS 5-Year
36081011500,36,081,011500,Queens,Census Tract 115; Queens County; New York,2539.0,113370.0,34.3,1507.0,2233.0,2024,ACS 5-Year
36081011600,36,081,011600,Queens,Census Tract 116; Queens County; New York,2226.0,71576.0,43.2,1102.0,1768.0,2024,ACS 5-Year
36081011700,36,081,011700,Queens,Census Tract 117; Queens County; New York,4015.0,125550.0,33.9,2524.0,2269.0,2024,ACS 5-Year
36081011800,36,081,011800,Queens,Census Tract 118; Queens County; New York,2689.0,86754.0,38.6,1437.0,2525.0,2024,ACS 5-Year
36081011900,36,081,011900,Queens,Census Tract 119; Queens County; New York,1602.0,84886.0,33.7,1025.0,2163.0,2024,ACS 5-Year
36081012000,36,081,012000,Queens,Census Tract 120; Queens County; New York,2355.0,82500.0,40.6,1185.0,2030.0,2024,ACS 5-Year
36081012100,36,081,012100,Queens,Census Tract 121; Queens County; New York,2141.0,108125.0,38.5,1148.0,2169.0,2024,ACS 5-Year
36081012200,36,081,012200,Queens,Census Tract 122; Queens County; New York,2939.0,118015.0,39.5,1453.0,2071.0,2024,ACS 5-Year
36081012301,36,081,012301,Queens,Census Tract 123.01; Queens County; New York,3343.0,106328.0,38.1,1776.0,2550.0,2024,ACS 5-Year
36081012400,36,081,012400,Queens,Census Tract 124; Queens County; New York,2913.0,71435.0,37.9,1723.0,2148.0,2024,ACS 5-Year
36081012500,36,081,012500,Queens,Census Tract 125; Queens County; New York,1360.0,93309.0,37.7,907.0,2063.0,2024,ACS 5-Year
36081012601,36,081,012601,Queens,Census Tract 126.01; Queens County; New York,2787.0,82450.0,34.3,1280.0,1692.0,2024,ACS 5-Year
36081012602,36,081,012602,Queens,Census Tract 126.02; Queens County; New York,2215.0,79531.0,42.5,1165.0,1659.0,2024,ACS 5-Year
36081012800,36,081,012800,Queens,Census Tract 128; Queens County; New York,2129.0,103750.0,32.0,1175.0,1669.0,2024,ACS 5-Year
36081013000,36,081,013000,Queens,Census Tract 130; Queens County; New York,1829.0,82708.0,48.2,866.0,1640.0,2024,ACS 5-Year
36081013200,36,081,013200,Queens,Census Tract 132; Queens County; New York,1960.0,84452.0,39.4,1168.0,2059.0,2024,ACS 5-Year
36081013400,36,081,013400,Queens,Census Tract 134; Queens County; New York,5802.0,77073.0,42.8,2863.0,1967.0,2024,ACS 5-Year
36081013500,36,081,013500,Queens,Census Tract 135; Queens County; New York,1332.0,103250.0,39.7,613.0,2180.0,2024,ACS 5-Year
36081013600,36,081,013600,Queens,Census Tract 136; Queens County; New York,1981.0,86601.0,38.8,893.0,1999.0,2024,ACS 5-Year
36081013700,36,081,013700,Queens,Census Tract 137; Queens County; New York,1874.0,108056.0,37.5,1144.0,2585.0,2024,ACS 5-Year
36081013800,36,081,013800,Queens,Census Tract 138; Queens County; New York,4018.0,76938.0,37.9,1882.0,1902.0,2024,ACS 5-Year
36081014000,36,081,014000,Queens,Census Tract 140; Queens County; New York,4409.0,117631.0,32.1,2315.0,2184.0,2024,ACS 5-Year
36081014100,36,081,014100,Queens,Census Tract 141; Queens County; New York,1613.0,100568.0,40.4,1074.0,1977.0,2024,ACS 5-Year
36081014201,36,081,014201,Queens,Census Tract 142.01; Queens County; New York,4388.0,70813.0,36.1,2021.0,1578.0,2024,ACS 5-Year
36081014202,36,081,014202,Queens,Census Tract 142.02; Queens County; New York,2755.0,88750.0,54.0,822.0,2230.0,2024,ACS 5-Year
36081014300,36,081,014300,Queens,Census Tract 143; Queens County; New York,3853.0,95446.0,34.5,2080.0,2077.0,2024,ACS 5-Year
36081014400,36,081,014400,Queens,Census Tract 144; Queens County; New York,1671.0,80101.0,45.9,659.0,1485.0,2024,ACS 5-Year
36081014500,36,081,014500,Queens,Census Tract 145; Queens County; New York,2429.0,88462.0,37.5,1430.0,2017.0,2024,ACS 5-Year
36081014700,36,081,014700,Queens,Census Tract 147; Queens County; New York,3066.0,94180.0,34.8,1746.0,2274.0,2024,ACS 5-Year
36081014800,36,081,014800,Queens,Census Tract 148; Queens County; New York,2015.0,,48.2,950.0,1859.0,2024,ACS 5-Year
36081014900,36,081,014900,Queens,Census Tract 149; Queens County; New York,2163.0,66000.0,34.2,1372.0,2214.0,2024,ACS 5-Year
36081015000,36,081,015000,Queens,Census Tract 150; Queens County; New York,2233.0,91116.0,43.4,1051.0,2210.0,2024,ACS 5-Year
36081015100,36,081,015100,Queens,Census Tract 151; Queens County; New York,2769.0,68932.0,38.7,1524.0,2048.0,2024,ACS 5-Year
36081015200,36,081,015200,Queens,Census Tract 152; Queens County; New York,2599.0,82093.0,39.5,1055.0,1892.0,2024,ACS 5-Year
36081015300,36,081,015300,Queens,Census Tract 153; Queens County; New York,1821.0,88636.0,37.0,1225.0,2379.0,2024,ACS 5-Year
36081015400,36,081,015400,Queens,Census Tract 154; Queens County; New York,2296.0,69414.0,36.6,1251.0,1798.0,2024,ACS 5-Year
36081015500,36,081,015500,Queens,Census Tract 155; Queens County; New York,2119.0,94375.0,34.5,1320.0,2256.0,2024,ACS 5-Year
36081015600,36,081,015600,Queens,Census Tract 156; Queens County; New York,3184.0,79063.0,43.8,1579.0,2039.0,2024,ACS 5-Year
36081015700,36,081,015700,Queens,Census Tract 157; Queens County; New York,1371.0,75982.0,34.8,904.0,2052.0,2024,ACS 5-Year
36081015801,36,081,015801,Queens,Census Tract 158.01; Queens County; New York,3841.0,98387.0,46.4,1733.0,1708.0,2024,ACS 5-Year
36081015802,36,081,015802,Queens,Census Tract 158.02; Queens County; New York,5464.0,105149.0,42.0,2462.0,2172.0,2024,ACS 5-Year
36081015900,36,081,015900,Queens,Census Tract 159; Queens County; New York,3699.0,71615.0,37.2,2136.0,1939.0,2024,ACS 5-Year
36081016100,36,081,016100,Queens,Census Tract 161; Queens County; New York,2028.0,92042.0,37.6,1109.0,2016.0,2024,ACS 5-Year
36081016300,36,081,016300,Queens,Census Tract 163; Queens County; New York,3956.0,35237.0,42.7,1143.0,650.0,2024,ACS 5-Year
36081016400,36,081,016400,Queens,Census Tract 164; Queens County; New York,3180.0,80568.0,40.6,1278.0,2183.0,2024,ACS 5-Year
36081016600,36,081,016600,Queens,Census Tract 166; Queens County; New York,4015.0,78108.0,48.0,1709.0,1711.0,2024,ACS 5-Year
36081016800,36,081,016800,Queens,Census Tract 168; Queens County; New York,2923.0,108173.0,47.0,1655.0,1929.0,2024,ACS 5-Year
36081016900,36,081,016900,Queens,Census Tract 169; Queens County; New York,5859.0,89679.0,38.3,3306.0,2125.0,2024,ACS 5-Year
36081017000,36,081,017000,Queens,Census Tract 170; Queens County; New York,2738.0,108229.0,42.0,1391.0,2213.0,2024,ACS 5-Year
36081017101,36,081,017101,Queens,Census Tract 171.01; Queens County; New York,0.0,,,0.0,,2024,ACS 5-Year
36081017102,36,081,017102,Queens,Census Tract 171.02; Queens County; New York,344.0,184083.0,30.5,197.0,3501.0,2024,ACS 5-Year
36081017200,36,081,017200,Queens,Census Tract 172; Queens County; New York,2355.0,74760.0,35.2,900.0,1734.0,2024,ACS 5-Year
36081017400,36,081,017400,Queens,Census Tract 174; Queens County; New York,2805.0,121759.0,36.5,1400.0,2597.0,2024,ACS 5-Year
36081017600,36,081,017600,Queens,Census Tract 176; Queens County; New York,2302.0,83906.0,43.3,875.0,,2024,ACS 5-Year
36081017800,36,081,017800,Queens,Census Tract 178; Queens County; New York,2086.0,90096.0,39.2,1214.0,2238.0,2024,ACS 5-Year
36081017901,36,081,017901,Queens,Census Tract 179.01; Queens County; New York,1045.0,81319.0,37.1,615.0,1811.0,2024,ACS 5-Year
36081017902,36,081,017902,Queens,Census Tract 179.02; Queens County; New York,69.0,,39.5,0.0,,2024,ACS 5-Year
36081018000,36,081,018000,Queens,Census Tract 180; Queens County; New York,1652.0,80147.0,35.3,601.0,1993.0,2024,ACS 5-Year
36081018101,36,081,018101,Queens,Census Tract 181.01; Queens County; New York,3532.0,78864.0,43.3,2037.0,1783.0,2024,ACS 5-Year
36081018102,36,081,018102,Queens,Census Tract 181.02; Queens County; New York,3680.0,83750.0,41.2,1963.0,1995.0,2024,ACS 5-Year
36081018200,36,081,018200,Queens,Census Tract 182; Queens County; New York,2613.0,93043.0,42.4,1389.0,2214.0,2024,ACS 5-Year
36081018300,36,081,018300,Queens,Census Tract 183; Queens County; New York,5058.0,71891.0,39.2,2778.0,2091.0,2024,ACS 5-Year
36081018401,36,081,018401,Queens,Census Tract 184.01; Queens County; New York,2089.0,57679.0,37.0,923.0,1676.0,2024,ACS 5-Year
36081018402,36,081,018402,Queens,Census Tract 184.02; Queens County; New York,2855.0,89766.0,31.6,1293.0,1689.0,2024,ACS 5-Year
36081018501,36,081,018501,Queens,Census Tract 185.01; Queens County; New York,3696.0,88027.0,39.6,2196.0,1947.0,2024,ACS 5-Year
36081018502,36,081,018502,Queens,Census Tract 185.02; Queens County; New York,3071.0,112260.0,38.5,2009.0,2085.0,2024,ACS 5-Year
36081018600,36,081,018600,Queens,Census Tract 186; Queens County; New York,1886.0,94840.0,38.2,1025.0,2337.0,2024,ACS 5-Year
36081018700,36,081,018700,Queens,Census Tract 187; Queens County; New York,2760.0,89479.0,38.0,1478.0,1927.0,2024,ACS 5-Year
36081018800,36,081,018800,Queens,Census Tract 188; Queens County; New York,1356.0,84688.0,34.0,627.0,2135.0,2024,ACS 5-Year
36081018900,36,081,018900,Queens,Census Tract 189; Queens County; New York,3106.0,93333.0,38.5,1805.0,1925.0,2024,ACS 5-Year
36081019000,36,081,019000,Queens,Census Tract 190; Queens County; New York,2736.0,87051.0,39.4,1254.0,2023.0,2024,ACS 5-Year
36081019200,36,081,019200,Queens,Census Tract 192; Queens County; New York,2214.0,93403.0,42.1,1096.0,2195.0,2024,ACS 5-Year
36081019400,36,081,019400,Queens,Census Tract 194; Queens County; New York,2977.0,100938.0,37.9,1513.0,2228.0,2024,ACS 5-Year
36081019600,36,081,019600,Queens,Census Tract 196; Queens County; New York,3175.0,72000.0,29.7,1371.0,1846.0,2024,ACS 5-Year
36081019800,36,081,019800,Queens,Census Tract 198; Queens County; New York,3189.0,68828.0,33.6,1358.0,1780.0,2024,ACS 5-Year
36081019901,36,081,019901,Queens,Census Tract 199.01; Queens County; New York,459.0,,42.4,140.0,1792.0,2024,ACS 5-Year
36081019902,36,081,019902,Queens,Census Tract 199.02; Queens County; New York,181.0,,31.5,19.0,,2024,ACS 5-Year
36081019903,36,081,019903,Queens,Census Tract 199.03; Queens County; New York,0.0,,,0.0,,2024,ACS 5-Year
36081020200,36,081,020200,Queens,Census Tract 202; Queens County; New York,1688.0,,34.9,726.0,2209.0,2024,ACS 5-Year
36081020400,36,081,020400,Queens,Census Tract 204; Queens County; New York,1986.0,63750.0,40.1,957.0,1714.0,2024,ACS 5-Year
36081020500,36,081,020500,Queens,Census Tract 205; Queens County; New York,1324.0,76786.0,42.5,594.0,1595.0,2024,ACS 5-Year
36081020600,36,081,020600,Queens,Census Tract 206; Queens County; New York,1585.0,56667.0,42.0,801.0,1948.0,2024,ACS 5-Year
36081020800,36,081,020800,Queens,Census Tract 208; Queens County; New York,4190.0,60486.0,35.2,2043.0,1823.0,2024,ACS 5-Year
36081021200,36,081,021200,Queens,Census Tract 212; Queens County; New York,2517.0,70776.0,41.4,1130.0,1884.0,2024,ACS 5-Year
36081021400,36,081,021400,Queens,Census Tract 214; Queens County; New York,5874.0,87356.0,36.0,2411.0,1870.0,2024,ACS 5-Year
36081021601,36,081,021601,Queens,Census Tract 216.01; Queens County; New York,2512.0,92609.0,43.0,1672.0,2206.0,2024,ACS 5-Year
36081021602,36,081,021602,Queens,Census Tract 216.02; Queens County; New York,1479.0,73446.0,40.7,635.0,1830.0,2024,ACS 5-Year
36081021603,36,081,021603,Queens,Census Tract 216.03; Queens County; New York,0.0,,,0.0,,2024,ACS 5-Year
36081021900,36,081,021900,Queens,Census Tract 219; Queens County; New York,0.0,,,0.0,,2024,ACS 5-Year
36081022001,36,081,022001,Queens,Census Tract 220.01; Queens County; New York,6402.0,86915.0,39.2,3034.0,1929.0,2024,ACS 5-Year
36081022002,36,081,022002,Queens,Census Tract 220.02; Queens County; New York,6098.0,89600.0,44.2,2974.0,1907.0,2024,ACS 5-Year
36081022900,36,081,022900,Queens,Census Tract 229; Queens County; New York,0.0,,,0.0,,2024,ACS 5-Year
36081023000,36,081,023000,Queens,Census Tract 230; Queens County; New York,1848.0,118494.0,46.9,790.0,1785.0,2024,ACS 5-Year
36081023200,36,081,023200,Queens,Census Tract 232; Queens County; New York,4896.0,102386.0,47.2,2273.0,1756.0,2024,ACS 5-Year
36081023501,36,081,023501,Queens,Census Tract 235.01; Queens County; New York,3614.0,60044.0,36.3,1826.0,1443.0,2024,ACS 5-Year
36081023502,36,081,023502,Queens,Census Tract 235.02; Queens County; New York,2739.0,82676.0,33.0,1943.0,1946.0,2024,ACS 5-Year
36081023600,36,081,023600,Queens,Census Tract 236; Queens County; New York,3594.0,81557.0,31.6,1617.0,2134.0,2024,ACS 5-Year
36081023800,36,081,023800,Queens,Census Tract 238; Queens County; New York,4502.0,59938.0,37.1,2014.0,1704.0,2024,ACS 5-Year
36081024000,36,081,024000,Queens,Census Tract 240; Queens County; New York,6558.0,59421.0,36.6,3661.0,1864.0,2024,ACS 5-Year
36081024300,36,081,024300,Queens,Census Tract 243; Queens County; New York,5607.0,60880.0,43.5,2557.0,1786.0,2024,ACS 5-Year
36081024500,36,081,024500,Queens,Census Tract 245; Queens County; New York,5102.0,62647.0,50.4,2474.0,1645.0,2024,ACS 5-Year
36081024600,36,081,024600,Queens,Census Tract 246; Queens County; New York,0.0,,,0.0,,2024,ACS 5-Year
36081024700,36,081,024700,Queens,Census Tract 247; Queens County; New York,1506.0,57143.0,40.4,737.0,1776.0,2024,ACS 5-Year
36081024900,36,081,024900,Queens,Census Tract 249; Queens County; New York,5228.0,76987.0,40.0,2976.0,2066.0,2024,ACS 5-Year
36081025100,36,081,025100,Queens,Census Tract 251; Queens County; New York,5703.0,90996.0,43.2,2968.0,1791.0,2024,ACS 5-Year
36081025301,36,081,025301,Queens,Census Tract 253.01; Queens County; New York,3660.0,70664.0,43.5,1959.0,1949.0,2024,ACS 5-Year
36081025302,36,081,025302,Queens,Census Tract 253.02; Queens County; New York,3026.0,66393.0,34.4,1680.0,1969.0,2024,ACS 5-Year
36081025401,36,081,025401,Queens,Census Tract 254.01; Queens County; New York,3750.0,76434.0,32.9,1790.0,1852.0,2024,ACS 5-Year
36081025402,36,081,025402,Queens,Census Tract 254.02; Queens County; New York,6013.0,41822.0,34.6,2201.0,949.0,2024,ACS 5-Year
36081025500,36,081,025500,Queens,Census Tract 255; Queens County; New York,1390.0,92260.0,44.6,679.0,2129.0,2024,ACS 5-Year
36081025700,36,081,025700,Queens,Census Tract 257; Queens County; New York,1453.0,95139.0,39.7,724.0,1820.0,2024,ACS 5-Year
36081025800,36,081,025800,Queens,Census Tract 258; Queens County; New York,2693.0,107442.0,37.9,1194.0,1960.0,2024,ACS 5-Year
36081025900,36,081,025900,Queens,Census Tract 259; Queens County; New York,3060.0,61289.0,49.9,1695.0,1639.0,2024,ACS 5-Year
36081026000,36,081,026000,Queens,Census Tract 260; Queens County; New York,2894.0,63565.0,31.2,1201.0,1094.0,2024,ACS 5-Year
36081026100,36,081,026100,Queens,Census Tract 261; Queens County; New York,7175.0,79419.0,39.8,4006.0,1748.0,2024,ACS 5-Year
36081026200,36,081,026200,Queens,Census Tract 262; Queens County; New York,1554.0,83667.0,40.0,585.0,1877.0,2024,ACS 5-Year
36081026300,36,081,026300,Queens,Census Tract 263; Queens County; New York,4559.0,87232.0,39.4,2834.0,1870.0,2024,ACS 5-Year
36081026400,36,081,026400,Queens,Census Tract 264; Queens County; New York,2479.0,86411.0,41.4,1151.0,1427.0,2024,ACS 5-Year
36081026501,36,081,026501,Queens,Census Tract 265.01; Queens County; New York,3031.0,73641.0,41.4,1654.0,1899.0,2024,ACS 5-Year
36081026502,36,081,026502,Queens,Census Tract 265.02; Queens County; New York,1393.0,74643.0,33.7,695.0,2219.0,2024,ACS 5-Year
36081026600,36,081,026600,Queens,Census Tract 266; Queens County; New York,1941.0,55441.0,47.1,869.0,950.0,2024,ACS 5-Year
36081026700,36,081,026700,Queens,Census Tract 267; Queens County; New York,5219.0,58274.0,45.5,3349.0,1751.0,2024,ACS 5-Year
36081026901,36,081,026901,Queens,Census Tract 269.01; Queens County; New York,4532.0,58163.0,38.7,1994.0,1876.0,2024,ACS 5-Year
36081026902,36,081,026902,Queens,Census Tract 269.02; Queens County; New York,4447.0,53694.0,37.5,2252.0,2001.0,2024,ACS 5-Year
36081027000,36,081,027000,Queens,Census Tract 270; Queens County; New York,1937.0,110938.0,30.6,873.0,2179.0,2024,ACS 5-Year
36081027101,36,081,027101,Queens,Census Tract 271.01; Queens County; New York,5409.0,54568.0,35.2,2441.0,1834.0,2024,ACS 5-Year
36081027102,36,081,027102,Queens,Census Tract 271.02; Queens County; New York,2643.0,65786.0,43.4,1240.0,1541.0,2024,ACS 5-Year
36081027200,36,081,027200,Queens,Census Tract 272; Queens County; New York,1921.0,97357.0,40.2,1122.0,1905.0,2024,ACS 5-Year
36081027301,36,081,027301,Queens,Census Tract 273.01; Queens County; New York,3098.0,69631.0,33.5,1360.0,1648.0,2024,ACS 5-Year
36081027302,36,081,027302,Queens,Census Tract 273.02; Queens County; New York,3813.0,81532.0,38.2,1940.0,1773.0,2024,ACS 5-Year
36081027400,36,081,027400,Queens,Census Tract 274; Queens County; New York,1871.0,65234.0,42.3,908.0,1625.0,2024,ACS 5-Year
36081027500,36,081,027500,Queens,Census Tract 275; Queens County; New York,6454.0,66971.0,42.2,3185.0,1546.0,2024,ACS 5-Year
36081027600,36,081,027600,Queens,Census Tract 276; Queens County; New York,1551.0,111250.0,38.6,697.0,2287.0,2024,ACS 5-Year
36081027701,36,081,027701,Queens,Census Tract 277.01; Queens County; New York,3553.0,67602.0,40.7,1918.0,1628.0,2024,ACS 5-Year
36081027702,36,081,027702,Queens,Census Tract 277.02; Queens County; New York,3397.0,69521.0,47.4,1775.0,1380.0,2024,ACS 5-Year
36081027800,36,081,027800,Queens,Census Tract 278; Queens County; New York,2497.0,51992.0,38.5,926.0,794.0,2024,ACS 5-Year
36081027900,36,081,027900,Queens,Census Tract 279; Queens County; New York,8551.0,81417.0,39.4,4023.0,2100.0,2024,ACS 5-Year
36081028000,36,081,028000,Queens,Census Tract 280; Queens County; New York,1717.0,80286.0,33.5,648.0,1556.0,2024,ACS 5-Year
36081028100,36,081,028100,Queens,Census Tract 281; Queens County; New York,6090.0,86631.0,44.3,3232.0,1922.0,2024,ACS 5-Year
36081028200,36,081,028200,Queens,Census Tract 282; Queens County; New York,2028.0,92368.0,31.2,822.0,2324.0,2024,ACS 5-Year
36081028300,36,081,028300,Queens,Census Tract 283; Queens County; New York,7578.0,79340.0,45.1,3556.0,2153.0,2024,ACS 5-Year
36081028400,36,081,028400,Queens,Census Tract 284; Queens County; New York,3343.0,72633.0,43.1,1599.0,1736.0,2024,ACS 5-Year
36081028500,36,081,028500,Queens,Census Tract 285; Queens County; New York,4811.0,126991.0,48.0,2703.0,1596.0,2024,ACS 5-Year
36081028700,36,081,028700,Queens,Census Tract 287; Queens County; New York,6422.0,83108.0,49.2,3572.0,1679.0,2024,ACS 5-Year
36081028801,36,081,028801,Queens,Census Tract 288.01; Queens County; New York,2813.0,120234.0,31.6,1075.0,2205.0,2024,ACS 5-Year
36081028802,36,081,028802,Queens,Census Tract 288.02; Queens County; New York,2343.0,89653.0,39.7,863.0,2268.0,2024,ACS 5-Year
36081028803,36,081,028803,Queens,Census Tract 288.03; Queens County; New York,0.0,,,0.0,,2024,ACS 5-Year
36081028900,36,081,028900,Queens,Census Tract 289; Queens County; New York,4859.0,83870.0,44.1,2652.0,1679.0,2024,ACS 5-Year
36081029100,36,081,029100,Queens,Census Tract 291; Queens County; New York,6259.0,53384.0,47.2,2742.0,2059.0,2024,ACS 5-Year
36081029300,36,081,029300,Queens,Census Tract 293; Queens County; New York,1214.0,70556.0,40.6,574.0,1972.0,2024,ACS 5-Year
36081029400,36,081,029400,Queens,Census Tract 294; Queens County; New York,8578.0,102984.0,39.4,4003.0,1944.0,2024,ACS 5-Year
36081029500,36,081,029500,Queens,Census Tract 295; Queens County; New York,3527.0,81051.0,44.7,1817.0,1804.0,2024,ACS 5-Year
36081029700,36,081,029700,Queens,Census Tract 297; Queens County; New York,2391.0,101538.0,36.9,1087.0,2193.0,2024,ACS 5-Year
36081029900,36,081,029900,Queens,Census Tract 299; Queens County; New York,0.0,,,0.0,,2024,ACS 5-Year
36081030600,36,081,030600,Queens,Census Tract 306; Queens County; New York,5516.0,111458.0,34.2,2488.0,1814.0,2024,ACS 5-Year
36081030903,36,081,030903,Queens,Census Tract 309.03; Queens County; New York,5176.0,75728.0,41.7,2276.0,1838.0,2024,ACS 5-Year
36081030904,36,081,030904,Queens,Census Tract 309.04; Queens County; New York,2721.0,58726.0,51.6,1224.0,1711.0,2024,ACS 5-Year
36081030905,36,081,030905,Queens,Census Tract 309.05; Queens County; New York,3780.0,74339.0,34.9,1712.0,2252.0,2024,ACS 5-Year
36081030906,36,081,030906,Queens,Census Tract 309.06; Queens County; New York,4116.0,84907.0,43.4,2294.0,2056.0,2024,ACS 5-Year
36081031700,36,081,031700,Queens,Census Tract 317; Queens County; New York,5965.0,75591.0,38.8,2562.0,2079.0,2024,ACS 5-Year
36081032000,36,081,032000,Queens,Census Tract 320; Queens County; New York,5501.0,100417.0,38.7,2267.0,2381.0,2024,ACS 5-Year
36081032700,36,081,032700,Queens,Census Tract 327; Queens County; New York,3742.0,88167.0,31.9,1713.0,1912.0,2024,ACS 5-Year
36081032800,36,081,032800,Queens,Census Tract 328; Queens County; New York,2882.0,94398.0,37.7,1184.0,2413.0,2024,ACS 5-Year
36081032900,36,081,032900,Queens,Census Tract 329; Queens County; New York,3715.0,66573.0,42.0,1514.0,2107.0,2024,ACS 5-Year
36081033000,36,081,033000,Queens,Census Tract 330; Queens County; New York,6943.0,105013.0,42.2,3229.0,2191.0,2024,ACS 5-Year
36081033100,36,081,033100,Queens,Census Tract 331; Queens County; New York,0.0,,,0.0,,2024,ACS 5-Year
36081033401,36,081,033401,Queens,Census Tract 334.01; Queens County; New York,3928.0,63892.0,37.9,1706.0,1575.0,2024,ACS 5-Year
36081033403,36,081,033403,Queens,Census Tract 334.03; Queens County; New York,4328.0,53013.0,48.1,2074.0,1157.0,2024,ACS 5-Year
36081033404,36,081,033404,Queens,Census Tract 334.04; Queens County; New York,6091.0,52574.0,40.9,3004.0,1263.0,2024,ACS 5-Year
36081033405,36,081,033405,Queens,Census Tract 334.05; Queens County; New York,3643.0,86065.0,46.5,1794.0,1181.0,2024,ACS 5-Year
36081033700,36,081,033700,Queens,Census Tract 337; Queens County; New York,2791.0,107750.0,39.9,1409.0,2590.0,2024,ACS 5-Year
36081033900,36,081,033900,Queens,Census Tract 339; Queens County; New York,3166.0,69755.0,39.1,1171.0,1829.0,2024,ACS 5-Year
36081034700,36,081,034700,Queens,Census Tract 347; Queens County; New York,3976.0,77025.0,34.1,1780.0,2279.0,2024,ACS 5-Year
36081035100,36,081,035100,Queens,Census Tract 351; Queens County; New York,3598.0,85284.0,39.3,1836.0,1812.0,2024,ACS 5-Year
36081035200,36,081,035200,Queens,Census Tract 352; Queens County; New York,2833.0,105139.0,42.7,1246.0,2145.0,2024,ACS 5-Year
36081035300,36,081,035300,Queens,Census Tract 353; Queens County; New York,2143.0,104107.0,43.7,1061.0,1871.0,2024,ACS 5-Year
36081035700,36,081,035700,Queens,Census Tract 357; Queens County; New York,4448.0,93153.0,45.4,1850.0,1918.0,2024,ACS 5-Year
36081035800,36,081,035800,Queens,Census Tract 358; Queens County; New York,4547.0,97128.0,36.7,2393.0,1822.0,2024,ACS 5-Year
36081036100,36,081,036100,Queens,Census Tract 361; Queens County; New York,2608.0,92500.0,36.8,1248.0,1924.0,2024,ACS 5-Year
36081036300,36,081,036300,Queens,Census Tract 363; Queens County; New York,2033.0,76613.0,35.7,1036.0,1774.0,2024,ACS 5-Year
36081036500,36,081,036500,Queens,Census Tract 365; Queens County; New York,3289.0,72031.0,31.9,1603.0,1803.0,2024,ACS 5-Year
36081036600,36,081,036600,Queens,Census Tract 366; Queens County; New York,3131.0,75395.0,43.0,1337.0,1864.0,2024,ACS 5-Year
36081036700,36,081,036700,Queens,Census Tract 367; Queens County; New York,2935.0,78200.0,38.0,1462.0,2147.0,2024,ACS 5-Year
36081036800,36,081,036800,Queens,Census Tract 368; Queens County; New York,2918.0,125882.0,34.8,1499.0,2217.0,2024,ACS 5-Year
36081037100,36,081,037100,Queens,Census Tract 371; Queens County; New York,1526.0,81607.0,50.0,752.0,2068.0,2024,ACS 5-Year
36081037300,36,081,037300,Queens,Census Tract 373; Queens County; New York,2420.0,59821.0,33.7,991.0,1819.0,2024,ACS 5-Year
36081037501,36,081,037501,Queens,Census Tract 375.01; Queens County; New York,1487.0,92647.0,35.2,642.0,1654.0,2024,ACS 5-Year
36081037502,36,081,037502,Queens,Census Tract 375.02; Queens County; New York,2669.0,70625.0,31.6,1126.0,1853.0,2024,ACS 5-Year
36081037600,36,081,037600,Queens,Census Tract 376; Queens County; New York,6883.0,112955.0,37.8,3138.0,2049.0,2024,ACS 5-Year
36081037700,36,081,037700,Queens,Census Tract 377; Queens County; New York,3567.0,81797.0,29.3,1618.0,2185.0,2024,ACS 5-Year
36081037900,36,081,037900,Queens,Census Tract 379; Queens County; New York,5841.0,80927.0,32.6,3263.0,2036.0,2024,ACS 5-Year
36081038100,36,081,038100,Queens,Census Tract 381; Queens County; New York,6999.0,83654.0,30.0,3919.0,1924.0,2024,ACS 5-Year
36081038301,36,081,038301,Queens,Census Tract 383.01; Queens County; New York,0.0,,,0.0,,2024,ACS 5-Year
36081038302,36,081,038302,Queens,Census Tract 383.02; Queens County; New York,0.0,,,0.0,,2024,ACS 5-Year
36081038400,36,081,038400,Queens,Census Tract 384; Queens County; New York,2634.0,100337.0,45.7,1258.0,1773.0,2024,ACS 5-Year
36081039400,36,081,039400,Queens,Census Tract 394; Queens County; New York,3289.0,100833.0,40.2,1209.0,1724.0,2024,ACS 5-Year
36081039800,36,081,039800,Queens,Census Tract 398; Queens County; New York,1485.0,86948.0,47.2,825.0,1582.0,2024,ACS 5-Year
36081039901,36,081,039901,Queens,Census Tract 399.01; Queens County; New York,2504.0,118319.0,28.6,926.0,2348.0,2024,ACS 5-Year
36081039902,36,081,039902,Queens,Census Tract 399.02; Queens County; New York,1982.0,58640.0,29.8,753.0,1717.0,2024,ACS 5-Year
36081040000,36,081,040000,Queens,Census Tract 400; Queens County; New York,1410.0,112560.0,50.1,789.0,1522.0,2024,ACS 5-Year
36081040101,36,081,040101,Queens,Census Tract 401.01; Queens County; New York,2251.0,60338.0,39.7,1025.0,1931.0,2024,ACS 5-Year
36081040102,36,081,040102,Queens,Census Tract 401.02; Queens County; New York,3966.0,75660.0,33.4,2155.0,1816.0,2024,ACS 5-Year
36081040200,36,081,040200,Queens,Census Tract 402; Queens County; New York,1557.0,103214.0,39.3,803.0,1659.0,2024,ACS 5-Year
36081040301,36,081,040301,Queens,Census Tract 403.01; Queens County; New York,2603.0,37018.0,37.2,1326.0,1801.0,2024,ACS 5-Year
36081040302,36,081,040302,Queens,Census Tract 403.02; Queens County; New York,4409.0,70179.0,28.8,2179.0,2093.0,2024,ACS 5-Year
36081040400,36,081,040400,Queens,Census Tract 404; Queens County; New York,3671.0,87917.0,48.6,1908.0,1510.0,2024,ACS 5-Year
36081040501,36,081,040501,Queens,Census Tract 405.01; Queens County; New York,964.0,102682.0,35.4,587.0,1900.0,2024,ACS 5-Year
36081040502,36,081,040502,Queens,Census Tract 405.02; Queens County; New York,1686.0,74091.0,43.6,875.0,1798.0,2024,ACS 5-Year
36081040701,36,081,040701,Queens,Census Tract 407.01; Queens County; New York,3181.0,77944.0,28.1,1437.0,1913.0,2024,ACS 5-Year
36081040702,36,081,040702,Queens,Census Tract 407.02; Queens County; New York,4430.0,99722.0,34.8,2393.0,1914.0,2024,ACS 5-Year
36081040901,36,081,040901,Queens,Census Tract 409.01; Queens County; New York,1818.0,83320.0,38.5,897.0,2330.0,2024,ACS 5-Year
36081040902,36,081,040902,Queens,Census Tract 409.02; Queens County; New York,2972.0,84091.0,35.2,1557.0,1814.0,2024,ACS 5-Year
36081041100,36,081,041100,Queens,Census Tract 411; Queens County; New York,4250.0,73899.0,35.9,2142.0,2439.0,2024,ACS 5-Year
36081041300,36,081,041300,Queens,Census Tract 413; Queens County; New York,4596.0,72519.0,33.4,2087.0,2007.0,2024,ACS 5-Year
36081041400,36,081,041400,Queens,Census Tract 414; Queens County; New York,4561.0,92939.0,32.9,2053.0,1722.0,2024,ACS 5-Year
36081041500,36,081,041500,Queens,Census Tract 415; Queens County; New York,3999.0,63411.0,35.2,1748.0,2223.0,2024,ACS 5-Year
36081042400,36,081,042400,Queens,Census Tract 424; Queens County; New York,2652.0,95855.0,43.2,1349.0,2260.0,2024,ACS 5-Year
36081042600,36,081,042600,Queens,Census Tract 426; Queens County; New York,445.0,,71.4,16.0,,2024,ACS 5-Year
36081042700,36,081,042700,Queens,Census Tract 427; Queens County; New York,4260.0,70921.0,35.9,2372.0,1495.0,2024,ACS 5-Year
36081043200,36,081,043200,Queens,Census Tract 432; Queens County; New York,1200.0,92750.0,42.7,523.0,1948.0,2024,ACS 5-Year
36081043400,36,081,043400,Queens,Census Tract 434; Queens County; New York,1962.0,95057.0,35.4,779.0,1671.0,2024,ACS 5-Year
36081043701,36,081,043701,Queens,Census Tract 437.01; Queens County; New York,3468.0,60188.0,40.1,1130.0,1853.0,2024,ACS 5-Year
36081043702,36,081,043702,Queens,Census Tract 437.02; Queens County; New York,5982.0,66731.0,47.3,2749.0,2189.0,2024,ACS 5-Year
36081043900,36,081,043900,Queens,Census Tract 439; Queens County; New York,4150.0,68922.0,32.0,1686.0,2058.0,2024,ACS 5-Year
36081044000,36,081,044000,Queens,Census Tract 440; Queens County; New York,3824.0,67463.0,31.9,1699.0,2103.0,2024,ACS 5-Year
36081044301,36,081,044301,Queens,Census Tract 443.01; Queens County; New York,4217.0,36467.0,39.2,1209.0,1604.0,2024,ACS 5-Year
36081044302,36,081,044302,Queens,Census Tract 443.02; Queens County; New York,4864.0,62731.0,43.1,2390.0,1872.0,2024,ACS 5-Year
36081044400,36,081,044400,Queens,Census Tract 444; Queens County; New York,4178.0,46434.0,33.9,1730.0,1394.0,2024,ACS 5-Year
36081044601,36,081,044601,Queens,Census Tract 446.01; Queens County; New York,3779.0,57614.0,37.4,1363.0,1631.0,2024,ACS 5-Year
36081044602,36,081,044602,Queens,Census Tract 446.02; Queens County; New York,4774.0,45688.0,42.6,1976.0,1842.0,2024,ACS 5-Year
36081044800,36,081,044800,Queens,Census Tract 448; Queens County; New York,2871.0,72371.0,36.0,1294.0,2137.0,2024,ACS 5-Year
36081045000,36,081,045000,Queens,Census Tract 450; Queens County; New York,2088.0,148424.0,30.6,886.0,1368.0,2024,ACS 5-Year
36081045200,36,081,045200,Queens,Census Tract 452; Queens County; New York,911.0,76071.0,56.0,272.0,1800.0,2024,ACS 5-Year
36081045400,36,081,045400,Queens,Census Tract 454; Queens County; New York,4950.0,84100.0,47.7,2261.0,2250.0,2024,ACS 5-Year
36081045500,36,081,045500,Queens,Census Tract 455; Queens County; New York,12747.0,80100.0,35.0,5486.0,2108.0,2024,ACS 5-Year
36081045600,36,081,045600,Queens,Census Tract 456; Queens County; New York,1183.0,75357.0,43.0,494.0,1484.0,2024,ACS 5-Year
36081045700,36,081,045700,Queens,Census Tract 457; Queens County; New York,3185.0,82176.0,34.5,1833.0,2063.0,2024,ACS 5-Year
36081045800,36,081,045800,Queens,Census Tract 458; Queens County; New York,2347.0,79236.0,40.1,1087.0,1797.0,2024,ACS 5-Year
36081045900,36,081,045900,Queens,Census Tract 459; Queens County; New York,3480.0,72279.0,41.4,1851.0,2077.0,2024,ACS 5-Year
36081046000,36,081,046000,Queens,Census Tract 460; Queens County; New York,6027.0,57184.0,29.9,2357.0,1578.0,2024,ACS 5-Year
36081046100,36,081,046100,Queens,Census Tract 461; Queens County; New York,2739.0,77000.0,34.9,1342.0,2053.0,2024,ACS 5-Year
36081046200,36,081,046200,Queens,Census Tract 462; Queens County; New York,6102.0,60647.0,41.8,2372.0,2056.0,2024,ACS 5-Year
36081046300,36,081,046300,Queens,Census Tract 463; Queens County; New York,4020.0,75539.0,32.5,2063.0,2123.0,2024,ACS 5-Year
36081046400,36,081,046400,Queens,Census Tract 464; Queens County; New York,1998.0,118472.0,32.9,879.0,1880.0,2024,ACS 5-Year
36081046500,36,081,046500,Queens,Census Tract 465; Queens County; New York,4147.0,94125.0,38.1,2365.0,1908.0,2024,ACS 5-Year
36081046600,36,081,046600,Queens,Census Tract 466; Queens County; New York,4066.0,76885.0,38.3,1825.0,2064.0,2024,ACS 5-Year
36081046700,36,081,046700,Queens,Census Tract 467; Queens County; New York,6774.0,77246.0,35.6,3513.0,2018.0,2024,ACS 5-Year
36081046800,36,081,046800,Queens,Census Tract 468; Queens County; New York,3763.0,83388.0,34.8,1736.0,1857.0,2024,ACS 5-Year
36081046901,36,081,046901,Queens,Census Tract 469.01; Queens County; New York,4691.0,73538.0,35.7,2390.0,2113.0,2024,ACS 5-Year
36081046902,36,081,046902,Queens,Census Tract 469.02; Queens County; New York,3177.0,68353.0,37.6,1728.0,1617.0,2024,ACS 5-Year
36081047000,36,081,047000,Queens,Census Tract 470; Queens County; New York,3187.0,72955.0,50.5,1647.0,2177.0,2024,ACS 5-Year
36081047100,36,081,047100,Queens,Census Tract 471; Queens County; New York,4244.0,60616.0,41.4,2233.0,1840.0,2024,ACS 5-Year
36081047200,36,081,047200,Queens,Census Tract 472; Queens County; New York,3655.0,128274.0,56.4,1678.0,1869.0,2024,ACS 5-Year
36081047300,36,081,047300,Queens,Census Tract 473; Queens County; New York,4242.0,72441.0,41.2,2312.0,1943.0,2024,ACS 5-Year
36081047500,36,081,047500,Queens,Census Tract 475; Queens County; New York,5006.0,86271.0,37.9,2322.0,1998.0,2024,ACS 5-Year
36081047600,36,081,047600,Queens,Census Tract 476; Queens County; New York,1604.0,115335.0,44.3,639.0,3501.0,2024,ACS 5-Year
36081047801,36,081,047801,Queens,Census Tract 478.01; Queens County; New York,4075.0,56848.0,53.2,2106.0,1882.0,2024,ACS 5-Year
36081047802,36,081,047802,Queens,Census Tract 478.02; Queens County; New York,1422.0,116198.0,41.3,720.0,2265.0,2024,ACS 5-Year
36081047900,36,081,047900,Queens,Census Tract 479; Queens County; New York,6032.0,87515.0,37.6,2861.0,2164.0,2024,ACS 5-Year
36081048000,36,081,048000,Queens,Census Tract 480; Queens County; New York,2370.0,86250.0,47.7,1072.0,1934.0,2024,ACS 5-Year
36081048100,36,081,048100,Queens,Census Tract 481; Queens County; New York,6551.0,73983.0,42.5,2770.0,1982.0,2024,ACS 5-Year
36081048200,36,081,048200,Queens,Census Tract 482; Queens County; New York,1311.0,110729.0,49.3,749.0,1709.0,2024,ACS 5-Year
36081048301,36,081,048301,Queens,Census Tract 483.01; Queens County; New York,2061.0,60568.0,40.9,1024.0,2110.0,2024,ACS 5-Year
36081048302,36,081,048302,Queens,Census Tract 483.02; Queens County; New York,1719.0,85724.0,37.2,806.0,2015.0,2024,ACS 5-Year
36081048400,36,081,048400,Queens,Census Tract 484; Queens County; New York,4942.0,86726.0,34.7,2315.0,1887.0,2024,ACS 5-Year
36081048500,36,081,048500,Queens,Census Tract 485; Queens County; New York,5205.0,77614.0,36.3,2625.0,2170.0,2024,ACS 5-Year
36081048900,36,081,048900,Queens,Census Tract 489; Queens County; New York,1838.0,61552.0,38.4,766.0,2240.0,2024,ACS 5-Year
36081049201,36,081,049201,Queens,Census Tract 492.01; Queens County; New York,2545.0,60797.0,43.9,1317.0,1621.0,2024,ACS 5-Year
36081049202,36,081,049202,Queens,Census Tract 492.02; Queens County; New York,2338.0,107063.0,34.4,1136.0,2521.0,2024,ACS 5-Year
36081049301,36,081,049301,Queens,Census Tract 493.01; Queens County; New York,2306.0,86429.0,49.7,927.0,2044.0,2024,ACS 5-Year
36081049302,36,081,049302,Queens,Census Tract 493.02; Queens County; New York,3320.0,59940.0,39.9,1378.0,2041.0,2024,ACS 5-Year
36081049500,36,081,049500,Queens,Census Tract 495; Queens County; New York,1272.0,92800.0,45.9,694.0,2034.0,2024,ACS 5-Year
36081049600,36,081,049600,Queens,Census Tract 496; Queens County; New York,3040.0,91991.0,45.5,1389.0,2107.0,2024,ACS 5-Year
36081049700,36,081,049700,Queens,Census Tract 497; Queens County; New York,2693.0,86031.0,44.6,1158.0,1998.0,2024,ACS 5-Year
36081049900,36,081,049900,Queens,Census Tract 499; Queens County; New York,5121.0,85045.0,37.6,2588.0,2154.0,2024,ACS 5-Year
36081050000,36,081,050000,Queens,Census Tract 500; Queens County; New York,4434.0,68850.0,37.3,2129.0,1682.0,2024,ACS 5-Year
36081050201,36,081,050201,Queens,Census Tract 502.01; Queens County; New York,1358.0,90972.0,44.2,720.0,1656.0,2024,ACS 5-Year
36081050202,36,081,050202,Queens,Census Tract 502.02; Queens County; New York,1398.0,85147.0,41.2,643.0,1716.0,2024,ACS 5-Year
36081050400,36,081,050400,Queens,Census Tract 504; Queens County; New York,1733.0,131168.0,43.6,940.0,1786.0,2024,ACS 5-Year
36081050500,36,081,050500,Queens,Census Tract 505; Queens County; New York,1749.0,113438.0,38.5,1047.0,1901.0,2024,ACS 5-Year
36081050600,36,081,050600,Queens,Census Tract 506; Queens County; New York,1504.0,93000.0,41.0,711.0,2096.0,2024,ACS 5-Year
36081050700,36,081,050700,Queens,Census Tract 507; Queens County; New York,3305.0,84476.0,53.7,1652.0,1961.0,2024,ACS 5-Year
36081050800,36,081,050800,Queens,Census Tract 508; Queens County; New York,2035.0,77040.0,37.6,945.0,1422.0,2024,ACS 5-Year
36081051000,36,081,051000,Queens,Census Tract 510; Queens County; New York,1490.0,85179.0,34.7,638.0,1148.0,2024,ACS 5-Year
36081051100,36,081,051100,Queens,Census Tract 511; Queens County; New York,2494.0,92647.0,48.6,1337.0,2188.0,2024,ACS 5-Year
36081051200,36,081,051200,Queens,Census Tract 512; Queens County; New York,2683.0,122778.0,40.1,1320.0,,2024,ACS 5-Year
36081051300,36,081,051300,Queens,Census Tract 513; Queens County; New York,2621.0,83618.0,41.1,1032.0,2245.0,2024,ACS 5-Year
36081051500,36,081,051500,Queens,Census Tract 515; Queens County; New York,3062.0,102833.0,41.7,1600.0,1708.0,2024,ACS 5-Year
36081051600,36,081,051600,Queens,Census Tract 516; Queens County; New York,2161.0,107500.0,41.7,1046.0,1737.0,2024,ACS 5-Year
36081051700,36,081,051700,Queens,Census Tract 517; Queens County; New York,2068.0,113125.0,45.1,1228.0,1823.0,2024,ACS 5-Year
36081051800,36,081,051800,Queens,Census Tract 518; Queens County; New York,2186.0,124423.0,35.8,1165.0,1520.0,2024,ACS 5-Year
36081052000,36,081,052000,Queens,Census Tract 520; Queens County; New York,1753.0,105163.0,38.0,602.0,1193.0,2024,ACS 5-Year
36081052100,36,081,052100,Queens,Census Tract 521; Queens County; New York,1841.0,84009.0,43.3,883.0,1819.0,2024,ACS 5-Year
36081052200,36,081,052200,Queens,Census Tract 522; Queens County; New York,2233.0,86818.0,41.3,950.0,2020.0,2024,ACS 5-Year
36081052400,36,081,052400,Queens,Census Tract 524; Queens County; New York,2150.0,112838.0,39.0,1063.0,1467.0,2024,ACS 5-Year
36081052500,36,081,052500,Queens,Census Tract 525; Queens County; New York,2152.0,77037.0,46.4,1231.0,2169.0,2024,ACS 5-Year
36081052600,36,081,052600,Queens,Census Tract 526; Queens County; New York,2352.0,96695.0,41.0,1170.0,1400.0,2024,ACS 5-Year
36081052800,36,081,052800,Queens,Census Tract 528; Queens County; New York,1577.0,79542.0,40.0,590.0,1403.0,2024,ACS 5-Year
36081053000,36,081,053000,Queens,Census Tract 530; Queens County; New York,2510.0,102381.0,38.1,1105.0,1878.0,2024,ACS 5-Year
36081053100,36,081,053100,Queens,Census Tract 531; Queens County; New York,3244.0,73938.0,46.1,1783.0,1804.0,2024,ACS 5-Year
36081053200,36,081,053200,Queens,Census Tract 532; Queens County; New York,2163.0,97419.0,39.1,1042.0,1682.0,2024,ACS 5-Year
36081053401,36,081,053401,Queens,Census Tract 534.01; Queens County; New York,1968.0,103594.0,42.0,984.0,1279.0,2024,ACS 5-Year
36081053501,36,081,053501,Queens,Census Tract 535.01; Queens County; New York,1162.0,73042.0,39.2,723.0,1730.0,2024,ACS 5-Year
36081053502,36,081,053502,Queens,Census Tract 535.02; Queens County; New York,0.0,,,0.0,,2024,ACS 5-Year
36081053601,36,081,053601,Queens,Census Tract 536.01; Queens County; New York,1761.0,,54.0,578.0,,2024,ACS 5-Year
36081053800,36,081,053800,Queens,Census Tract 538; Queens County; New York,1714.0,121034.0,38.4,716.0,2086.0,2024,ACS 5-Year
36081053901,36,081,053901,Queens,Census Tract 539.01; Queens County; New York,4129.0,91027.0,34.5,2490.0,2256.0,2024,ACS 5-Year
36081053902,36,081,053902,Queens,Census Tract 539.02; Queens County; New York,27.0,,29.7,17.0,,2024,ACS 5-Year
36081054000,36,081,054000,Queens,Census Tract 540; Queens County; New York,4325.0,102174.0,50.7,2127.0,1872.0,2024,ACS 5-Year
36081054200,36,081,054200,Queens,Census Tract 542; Queens County; New York,5520.0,94125.0,43.6,2422.0,2152.0,2024,ACS 5-Year
36081054500,36,081,054500,Queens,Census Tract 545; Queens County; New York,3675.0,66076.0,36.6,2025.0,2083.0,2024,ACS 5-Year
36081054700,36,081,054700,Queens,Census Tract 547; Queens County; New York,5210.0,119732.0,30.3,2688.0,1891.0,2024,ACS 5-Year
36081054800,36,081,054800,Queens,Census Tract 548; Queens County; New York,2382.0,84601.0,47.1,1032.0,2259.0,2024,ACS 5-Year
36081054900,36,081,054900,Queens,Census Tract 549; Queens County; New York,5287.0,104821.0,32.2,2907.0,2134.0,2024,ACS 5-Year
36081055100,36,081,055100,Queens,Census Tract 551; Queens County; New York,4363.0,80268.0,34.2,2415.0,1812.0,2024,ACS 5-Year
36081055200,36,081,055200,Queens,Census Tract 552; Queens County; New York,2913.0,71213.0,40.4,1626.0,1426.0,2024,ACS 5-Year
36081055300,36,081,055300,Queens,Census Tract 553; Queens County; New York,2911.0,90114.0,31.2,1730.0,2315.0,2024,ACS 5-Year
36081055400,36,081,055400,Queens,Census Tract 554; Queens County; New York,2599.0,89375.0,50.6,1194.0,1889.0,2024,ACS 5-Year
36081055500,36,081,055500,Queens,Census Tract 555; Queens County; New York,2295.0,86667.0,40.7,1257.0,1888.0,2024,ACS 5-Year
36081055600,36,081,055600,Queens,Census Tract 556; Queens County; New York,2233.0,135052.0,45.5,1091.0,2202.0,2024,ACS 5-Year
36081055700,36,081,055700,Queens,Census Tract 557; Queens County; New York,3386.0,101636.0,36.1,1904.0,2093.0,2024,ACS 5-Year
36081055800,36,081,055800,Queens,Census Tract 558; Queens County; New York,1649.0,78672.0,51.6,974.0,2295.0,2024,ACS 5-Year
36081055900,36,081,055900,Queens,Census Tract 559; Queens County; New York,1129.0,70481.0,35.5,577.0,2072.0,2024,ACS 5-Year
36081056000,36,081,056000,Queens,Census Tract 560; Queens County; New York,1695.0,139615.0,47.1,917.0,1719.0,2024,ACS 5-Year
36081056100,36,081,056100,Queens,Census Tract 561; Queens County; New York,12.0,,48.5,12.0,,2024,ACS 5-Year
36081056200,36,081,056200,Queens,Census Tract 562; Queens County; New York,1399.0,102125.0,49.8,645.0,1993.0,2024,ACS 5-Year
36081056400,36,081,056400,Queens,Census Tract 564; Queens County; New York,1580.0,95000.0,45.0,661.0,2046.0,2024,ACS 5-Year
36081056500,36,081,056500,Queens,Census Tract 565; Queens County; New York,1850.0,129647.0,31.9,987.0,1981.0,2024,ACS 5-Year
36081056600,36,081,056600,Queens,Census Tract 566; Queens County; New York,1546.0,71974.0,53.2,576.0,1484.0,2024,ACS 5-Year
36081056700,36,081,056700,Queens,Census Tract 567; Queens County; New York,4601.0,111477.0,40.2,2703.0,2305.0,2024,ACS 5-Year
36081056800,36,081,056800,Queens,Census Tract 568; Queens County; New York,4373.0,101321.0,48.9,2491.0,1683.0,2024,ACS 5-Year
36081057700,36,081,057700,Queens,Census Tract 577; Queens County; New York,3926.0,75750.0,33.5,2173.0,1873.0,2024,ACS 5-Year
36081057900,36,081,057900,Queens,Census Tract 579; Queens County; New York,1671.0,76023.0,35.3,915.0,1465.0,2024,ACS 5-Year
36081058000,36,081,058000,Queens,Census Tract 580; Queens County; New York,4287.0,139342.0,48.9,2149.0,2056.0,2024,ACS 5-Year
36081058100,36,081,058100,Queens,Census Tract 581; Queens County; New York,2779.0,78950.0,38.2,1628.0,1609.0,2024,ACS 5-Year
36081058200,36,081,058200,Queens,Census Tract 582; Queens County; New York,5141.0,123583.0,39.1,2661.0,1544.0,2024,ACS 5-Year
36081058300,36,081,058300,Queens,Census Tract 583; Queens County; New York,3495.0,109327.0,38.3,1803.0,2257.0,2024,ACS 5-Year
36081058500,36,081,058500,Queens,Census Tract 585; Queens County; New York,4010.0,101157.0,39.5,2666.0,2141.0,2024,ACS 5-Year
36081058700,36,081,058700,Queens,Census Tract 587; Queens County; New York,3486.0,100385.0,39.6,2110.0,1846.0,2024,ACS 5-Year
36081058900,36,081,058900,Queens,Census Tract 589; Queens County; New York,4618.0,60224.0,33.6,2261.0,1928.0,2024,ACS 5-Year
36081059000,36,081,059000,Queens,Census Tract 590; Queens County; New York,1258.0,93750.0,40.6,624.0,1390.0,2024,ACS 5-Year
36081059100,36,081,059100,Queens,Census Tract 591; Queens County; New York,4799.0,53832.0,39.4,2543.0,2260.0,2024,ACS 5-Year
36081059200,36,081,059200,Queens,Census Tract 592; Queens County; New York,1240.0,77857.0,53.1,604.0,,2024,ACS 5-Year
36081059300,36,081,059300,Queens,Census Tract 593; Queens County; New York,4040.0,90975.0,37.4,1959.0,1924.0,2024,ACS 5-Year
36081059400,36,081,059400,Queens,Census Tract 594; Queens County; New York,1667.0,134297.0,48.7,826.0,,2024,ACS 5-Year
36081059501,36,081,059501,Queens,Census Tract 595.01; Queens County; New York,1903.0,80515.0,46.1,872.0,1861.0,2024,ACS 5-Year
36081059502,36,081,059502,Queens,Census Tract 595.02; Queens County; New York,2676.0,75833.0,40.1,1170.0,1865.0,2024,ACS 5-Year
36081059600,36,081,059600,Queens,Census Tract 596; Queens County; New York,1674.0,92162.0,39.5,545.0,3501.0,2024,ACS 5-Year
36081059800,36,081,059800,Queens,Census Tract 598; Queens County; New York,1691.0,96250.0,39.9,776.0,1568.0,2024,ACS 5-Year
36081059900,36,081,059900,Queens,Census Tract 599; Queens County; New York,1493.0,120979.0,45.8,737.0,2714.0,2024,ACS 5-Year
36081060000,36,081,060000,Queens,Census Tract 600; Queens County; New York,1132.0,129519.0,52.8,617.0,,2024,ACS 5-Year
36081060100,36,081,060100,Queens,Census Tract 601; Queens County; New York,2084.0,75811.0,40.6,1037.0,2192.0,2024,ACS 5-Year
36081060300,36,081,060300,Queens,Census Tract 603; Queens County; New York,1924.0,95909.0,47.6,925.0,2065.0,2024,ACS 5-Year
36081060600,36,081,060600,Queens,Census Tract 606; Queens County; New York,1176.0,131250.0,48.8,673.0,1563.0,2024,ACS 5-Year
36081060701,36,081,060701,Queens,Census Tract 607.01; Queens County; New York,0.0,,,0.0,,2024,ACS 5-Year
36081060800,36,081,060800,Queens,Census Tract 608; Queens County; New York,1592.0,115000.0,39.2,723.0,1513.0,2024,ACS 5-Year
36081061000,36,081,061000,Queens,Census Tract 610; Queens County; New York,1318.0,97788.0,55.9,543.0,,2024,ACS 5-Year
36081061200,36,081,061200,Queens,Census Tract 612; Queens County; New York,1839.0,133214.0,49.3,872.0,,2024,ACS 5-Year
36081061301,36,081,061301,Queens,Census Tract 613.01; Queens County; New York,5205.0,93669.0,34.9,2941.0,1980.0,2024,ACS 5-Year
36081061302,36,081,061302,Queens,Census Tract 613.02; Queens County; New York,0.0,,,0.0,,2024,ACS 5-Year
36081061400,36,081,061400,Queens,Census Tract 614; Queens County; New York,1357.0,132159.0,40.9,518.0,,2024,ACS 5-Year
36081061601,36,081,061601,Queens,Census Tract 616.01; Queens County; New York,2257.0,107838.0,44.8,937.0,1931.0,2024,ACS 5-Year
36081061602,36,081,061602,Queens,Census Tract 616.02; Queens County; New York,968.0,127857.0,50.8,556.0,,2024,ACS 5-Year
36081061800,36,081,061800,Queens,Census Tract 618; Queens County; New York,2037.0,112868.0,42.3,1090.0,1428.0,2024,ACS 5-Year
36081061900,36,081,061900,Queens,Census Tract 619; Queens County; New York,3046.0,62083.0,38.3,1738.0,2182.0,2024,ACS 5-Year
36081062000,36,081,062000,Queens,Census Tract 620; Queens County; New York,1545.0,129457.0,52.0,842.0,,2024,ACS 5-Year
36081062100,36,081,062100,Queens,Census Tract 621; Queens County; New York,2667.0,77011.0,43.1,1110.0,2039.0,2024,ACS 5-Year
36081062200,36,081,062200,Queens,Census Tract 622; Queens County; New York,2069.0,122938.0,51.0,1060.0,1714.0,2024,ACS 5-Year
36081062300,36,081,062300,Queens,Census Tract 623; Queens County; New York,2111.0,77563.0,45.7,891.0,1650.0,2024,ACS 5-Year
36081062400,36,081,062400,Queens,Census Tract 624; Queens County; New York,0.0,,,0.0,,2024,ACS 5-Year
36081062500,36,081,062500,Queens,Census Tract 625; Queens County; New York,2637.0,83631.0,40.3,1230.0,1986.0,2024,ACS 5-Year
36081062600,36,081,062600,Queens,Census Tract 626; Queens County; New York,3298.0,139602.0,35.3,1633.0,2192.0,2024,ACS 5-Year
36081062700,36,081,062700,Queens,Census Tract 627; Queens County; New York,2831.0,76439.0,42.0,1344.0,1691.0,2024,ACS 5-Year
36081062900,36,081,062900,Queens,Census Tract 629; Queens County; New York,3289.0,101097.0,36.8,1509.0,2167.0,2024,ACS 5-Year
36081063000,36,081,063000,Queens,Census Tract 630; Queens County; New York,1614.0,120821.0,48.0,779.0,1854.0,2024,ACS 5-Year
36081063200,36,081,063200,Queens,Census Tract 632; Queens County; New York,2499.0,107672.0,38.9,1196.0,1192.0,2024,ACS 5-Year
36081063301,36,081,063301,Queens,Census Tract 633.01; Queens County; New York,1584.0,142768.0,35.6,809.0,2233.0,2024,ACS 5-Year
36081063302,36,081,063302,Queens,Census Tract 633.02; Queens County; New York,1862.0,102292.0,41.9,802.0,2181.0,2024,ACS 5-Year
36081063500,36,081,063500,Queens,Census Tract 635; Queens County; New York,2655.0,86219.0,37.0,1212.0,1946.0,2024,ACS 5-Year
36081063700,36,081,063700,Queens,Census Tract 637; Queens County; New York,3455.0,91488.0,50.7,1192.0,2301.0,2024,ACS 5-Year
36081063800,36,081,063800,Queens,Census Tract 638; Queens County; New York,3893.0,164604.0,40.3,1993.0,1583.0,2024,ACS 5-Year
36081063900,36,081,063900,Queens,Census Tract 639; Queens County; New York,3113.0,102083.0,42.0,1653.0,1866.0,2024,ACS 5-Year
36081064101,36,081,064101,Queens,Census Tract 641.01; Queens County; New York,2328.0,99393.0,46.7,1059.0,885.0,2024,ACS 5-Year
36081064102,36,081,064102,Queens,Census Tract 641.02; Queens County; New York,0.0,,,0.0,,2024,ACS 5-Year
36081064500,36,081,064500,Queens,Census Tract 645; Queens County; New York,2016.0,81250.0,41.2,901.0,2521.0,2024,ACS 5-Year
36081064600,36,081,064600,Queens,Census Tract 646; Queens County; New York,3076.0,125875.0,49.7,1697.0,2026.0,2024,ACS 5-Year
36081065000,36,081,065000,Queens,Census Tract 650; Queens County; New York,2862.0,133482.0,48.9,1330.0,1493.0,2024,ACS 5-Year
36081065401,36,081,065401,Queens,Census Tract 654.01; Queens County; New York,3098.0,104622.0,39.7,1603.0,1904.0,2024,ACS 5-Year
36081065402,36,081,065402,Queens,Census Tract 654.02; Queens County; New York,0.0,,,0.0,,2024,ACS 5-Year
36081065501,36,081,065501,Queens,Census Tract 655.01; Queens County; New York,0.0,,,0.0,,2024,ACS 5-Year
36081065600,36,081,065600,Queens,Census Tract 656; Queens County; New York,5282.0,117800.0,39.0,2926.0,2593.0,2024,ACS 5-Year
36081065702,36,081,065702,Queens,Census Tract 657.02; Queens County; New York,1264.0,74821.0,53.4,558.0,1976.0,2024,ACS 5-Year
36081065703,36,081,065703,Queens,Census Tract 657.03; Queens County; New York,3229.0,122434.0,49.8,1458.0,2128.0,2024,ACS 5-Year
36081065900,36,081,065900,Queens,Census Tract 659; Queens County; New York,1974.0,112917.0,39.4,897.0,2168.0,2024,ACS 5-Year
36081066000,36,081,066000,Queens,Census Tract 660; Queens County; New York,3564.0,137843.0,42.1,1932.0,2720.0,2024,ACS 5-Year
36081066100,36,081,066100,Queens,Census Tract 661; Queens County; New York,1573.0,116806.0,51.9,683.0,2175.0,2024,ACS 5-Year
36081066301,36,081,066301,Queens,Census Tract 663.01; Queens County; New York,2712.0,92318.0,48.3,1180.0,2559.0,2024,ACS 5-Year
36081066302,36,081,066302,Queens,Census Tract 663.02; Queens County; New York,0.0,,,0.0,,2024,ACS 5-Year
36081066401,36,081,066401,Queens,Census Tract 664.01; Queens County; New York,2241.0,110000.0,32.5,929.0,2857.0,2024,ACS 5-Year
36081066402,36,081,066402,Queens,Census Tract 664.02; Queens County; New York,3525.0,111494.0,41.5,1686.0,2216.0,2024,ACS 5-Year
36081066403,36,081,066403,Queens,Census Tract 664.03; Queens County; New York,5738.0,100441.0,34.8,2462.0,2521.0,2024,ACS 5-Year
36081066404,36,081,066404,Queens,Census Tract 664.04; Queens County; New York,0.0,,,0.0,,2024,ACS 5-Year
36081066501,36,081,066501,Queens,Census Tract 665.01; Queens County; New York,4003.0,100391.0,43.2,2148.0,2098.0,2024,ACS 5-Year
36081066701,36,081,066701,Queens,Census Tract 667.01; Queens County; New York,2576.0,103594.0,47.3,1135.0,2226.0,2024,ACS 5-Year
36081066900,36,081,066900,Queens,Census Tract 669; Queens County; New York,1692.0,96484.0,38.6,797.0,2260.0,2024,ACS 5-Year
36081067100,36,081,067100,Queens,Census Tract 671; Queens County; New York,2339.0,121266.0,47.5,1175.0,2392.0,2024,ACS 5-Year
36081067700,36,081,067700,Queens,Census Tract 677; Queens County; New York,1893.0,100313.0,46.6,909.0,2200.0,2024,ACS 5-Year
36081067900,36,081,067900,Queens,Census Tract 679; Queens County; New York,4303.0,78538.0,46.3,1940.0,1777.0,2024,ACS 5-Year
36081068000,36,081,068000,Queens,Census Tract 680; Queens County; New York,5594.0,133510.0,43.3,3406.0,2278.0,2024,ACS 5-Year
36081068200,36,081,068200,Queens,Census Tract 682; Queens County; New York,1091.0,89732.0,40.8,527.0,1858.0,2024,ACS 5-Year
36081068300,36,081,068300,Queens,Census Tract 683; Queens County; New York,4059.0,85771.0,46.3,2060.0,1885.0,2024,ACS 5-Year
36081068700,36,081,068700,Queens,Census Tract 687; Queens County; New York,4405.0,86193.0,47.2,1867.0,2083.0,2024,ACS 5-Year
36081069000,36,081,069000,Queens,Census Tract 690; Queens County; New York,3756.0,111464.0,36.9,1920.0,2162.0,2024,ACS 5-Year
36081069300,36,081,069300,Queens,Census Tract 693; Queens County; New York,2902.0,57099.0,38.8,1560.0,2054.0,2024,ACS 5-Year
36081069400,36,081,069400,Queens,Census Tract 694; Queens County; New York,4091.0,117692.0,35.5,1896.0,2343.0,2024,ACS 5-Year
36081069500,36,081,069500,Queens,Census Tract 695; Queens County; New York,2363.0,91591.0,55.1,1169.0,1890.0,2024,ACS 5-Year
36081069701,36,081,069701,Queens,Census Tract 697.01; Queens County; New York,4054.0,102500.0,39.3,2055.0,2170.0,2024,ACS 5-Year
36081069702,36,081,069702,Queens,Census Tract 697.02; Queens County; New York,4269.0,92489.0,41.9,1728.0,1958.0,2024,ACS 5-Year
36081070300,36,081,070300,Queens,Census Tract 703; Queens County; New York,2324.0,106250.0,49.0,1059.0,1755.0,2024,ACS 5-Year
36081070700,36,081,070700,Queens,Census Tract 707; Queens County; New York,2504.0,138237.0,47.1,1188.0,3242.0,2024,ACS 5-Year
36081070900,36,081,070900,Queens,Census Tract 709; Queens County; New York,2765.0,117375.0,39.8,1441.0,2219.0,2024,ACS 5-Year
36081071100,36,081,071100,Queens,Census Tract 711; Queens County; New York,5759.0,100149.0,45.7,3132.0,2200.0,2024,ACS 5-Year
36081071303,36,081,071303,Queens,Census Tract 713.03; Queens County; New York,5303.0,97563.0,43.4,3183.0,2182.0,2024,ACS 5-Year
36081071304,36,081,071304,Queens,Census Tract 713.04; Queens County; New York,6352.0,100238.0,49.1,3428.0,1854.0,2024,ACS 5-Year
36081071305,36,081,071305,Queens,Census Tract 713.05; Queens County; New York,6007.0,118409.0,35.4,3064.0,2577.0,2024,ACS 5-Year
36081071306,36,081,071306,Queens,Census Tract 713.06; Queens County; New York,7192.0,88329.0,41.3,3473.0,2124.0,2024,ACS 5-Year
36081071600,36,081,071600,Queens,Census Tract 716; Queens County; New York,0.0,,,0.0,,2024,ACS 5-Year
36081071701,36,081,071701,Queens,Census Tract 717.01; Queens County; New York,4979.0,67566.0,40.2,2169.0,1843.0,2024,ACS 5-Year
36081071702,36,081,071702,Queens,Census Tract 717.02; Queens County; New York,4448.0,87958.0,44.0,2255.0,2315.0,2024,ACS 5-Year
36081071900,36,081,071900,Queens,Census Tract 719; Queens County; New York,3299.0,62408.0,39.3,1652.0,1918.0,2024,ACS 5-Year
36081072100,36,081,072100,Queens,Census Tract 721; Queens County; New York,5595.0,100976.0,41.1,2682.0,1399.0,2024,ACS 5-Year
36081072300,36,081,072300,Queens,Census Tract 723; Queens County; New York,2270.0,181250.0,46.9,1092.0,3501.0,2024,ACS 5-Year
36081072900,36,081,072900,Queens,Census Tract 729; Queens County; New York,1406.0,104767.0,47.3,685.0,1306.0,2024,ACS 5-Year
36081073100,36,081,073100,Queens,Census Tract 731; Queens County; New York,1724.0,170913.0,44.1,914.0,2289.0,2024,ACS 5-Year
36081073700,36,081,073700,Queens,Census Tract 737; Queens County; New York,2088.0,151731.0,47.2,1333.0,2392.0,2024,ACS 5-Year
36081073900,36,081,073900,Queens,Census Tract 739; Queens County; New York,5420.0,116815.0,43.3,2981.0,2279.0,2024,ACS 5-Year
36081074100,36,081,074100,Queens,Census Tract 741; Queens County; New York,3102.0,96894.0,51.1,1943.0,2024.0,2024,ACS 5-Year
36081074300,36,081,074300,Queens,Census Tract 743; Queens County; New York,3953.0,66972.0,42.3,1963.0,2038.0,2024,ACS 5-Year
36081074500,36,081,074500,Queens,Census Tract 745; Queens County; New York,4275.0,63268.0,46.2,1790.0,1521.0,2024,ACS 5-Year
36081074700,36,081,074700,Queens,Census Tract 747; Queens County; New York,3681.0,99769.0,49.7,1933.0,1781.0,2024,ACS 5-Year
36081074900,36,081,074900,Queens,Census Tract 749; Queens County; New York,1620.0,224313.0,44.6,827.0,3501.0,2024,ACS 5-Year
36081075701,36,081,075701,Queens,Census Tract 757.01; Queens County; New York,5031.0,117361.0,45.7,2746.0,2049.0,2024,ACS 5-Year
36081075702,36,081,075702,Queens,Census Tract 757.02; Queens County; New York,5237.0,125316.0,50.2,2866.0,2111.0,2024,ACS 5-Year
36081076901,36,081,076901,Queens,Census Tract 769.01; Queens County; New York,5452.0,111389.0,47.0,2585.0,2292.0,2024,ACS 5-Year
36081076902,36,081,076902,Queens,Census Tract 769.02; Queens County; New York,1570.0,134545.0,32.9,834.0,2293.0,2024,ACS 5-Year
36081077300,36,081,077300,Queens,Census Tract 773; Queens County; New York,2203.0,106964.0,45.7,1290.0,1881.0,2024,ACS 5-Year
36081077500,36,081,077500,Queens,Census Tract 775; Queens County; New York,2144.0,84427.0,48.0,1152.0,1830.0,2024,ACS 5-Year
36081077902,36,081,077902,Queens,Census Tract 779.02; Queens County; New York,5643.0,102363.0,32.1,2356.0,1969.0,2024,ACS 5-Year
36081077903,36,081,077903,Queens,Census Tract 779.03; Queens County; New York,3410.0,96944.0,38.7,1789.0,1788.0,2024,ACS 5-Year
36081077904,36,081,077904,Queens,Census Tract 779.04; Queens County; New York,5096.0,107279.0,36.1,2381.0,2217.0,2024,ACS 5-Year
36081077905,36,081,077905,Queens,Census Tract 779.05; Queens County; New York,3284.0,94000.0,40.3,1711.0,1654.0,2024,ACS 5-Year
36081077906,36,081,077906,Queens,Census Tract 779.06; Queens County; New York,3946.0,86324.0,34.9,2010.0,2067.0,2024,ACS 5-Year
36081077907,36,081,077907,Queens,Census Tract 779.07; Queens County; New York,3294.0,68226.0,29.6,1183.0,1747.0,2024,ACS 5-Year
36081077908,36,081,077908,Queens,Census Tract 779.08; Queens County; New York,3061.0,79265.0,30.3,1504.0,2064.0,2024,ACS 5-Year
36081078800,36,081,078800,Queens,Census Tract 788; Queens County; New York,2183.0,105529.0,36.4,1011.0,2151.0,2024,ACS 5-Year
36081079000,36,081,079000,Queens,Census Tract 790; Queens County; New York,3137.0,97500.0,38.2,1579.0,2554.0,2024,ACS 5-Year
36081079200,36,081,079200,Queens,Census Tract 792; Queens County; New York,2732.0,71510.0,36.1,1182.0,1957.0,2024,ACS 5-Year
36081079300,36,081,079300,Queens,Census Tract 793; Queens County; New York,0.0,,,0.0,,2024,ACS 5-Year
36081079701,36,081,079701,Queens,Census Tract 797.01; Queens County; New York,6565.0,62173.0,53.0,3323.0,1748.0,2024,ACS 5-Year
36081079702,36,081,079702,Queens,Census Tract 797.02; Queens County; New York,3627.0,48147.0,44.3,1686.0,1609.0,2024,ACS 5-Year
36081079900,36,081,079900,Queens,Census Tract 799; Queens County; New York,3151.0,48980.0,31.7,1270.0,2076.0,2024,ACS 5-Year
36081080301,36,081,080301,Queens,Census Tract 803.01; Queens County; New York,3964.0,59817.0,35.8,1930.0,1900.0,2024,ACS 5-Year
36081080302,36,081,080302,Queens,Census Tract 803.02; Queens County; New York,3616.0,82358.0,48.4,1581.0,2285.0,2024,ACS 5-Year
36081080900,36,081,080900,Queens,Census Tract 809; Queens County; New York,7864.0,55716.0,36.0,3381.0,2070.0,2024,ACS 5-Year
36081081400,36,081,081400,Queens,Census Tract 814; Queens County; New York,3997.0,105179.0,40.6,1978.0,2124.0,2024,ACS 5-Year
36081081800,36,081,081800,Queens,Census Tract 818; Queens County; New York,3739.0,130457.0,38.7,1920.0,2145.0,2024,ACS 5-Year
36081083700,36,081,083700,Queens,Census Tract 837; Queens County; New York,5254.0,70028.0,44.6,2572.0,2176.0,2024,ACS 5-Year
36081083800,36,081,083800,Queens,Census Tract 838; Queens County; New York,5291.0,100354.0,44.2,2528.0,2303.0,2024,ACS 5-Year
36081084000,36,081,084000,Queens,Census Tract 840; Queens County; New York,6942.0,87614.0,50.4,2849.0,1917.0,2024,ACS 5-Year
36081084500,36,081,084500,Queens,Census Tract 845; Queens County; New York,4460.0,29552.0,56.2,1808.0,1436.0,2024,ACS 5-Year
36081084601,36,081,084601,Queens,Census Tract 846.01; Queens County; New York,2687.0,102692.0,45.1,1236.0,1873.0,2024,ACS 5-Year
36081084602,36,081,084602,Queens,Census Tract 846.02; Queens County; New York,1600.0,91953.0,29.7,388.0,3501.0,2024,ACS 5-Year
36081084901,36,081,084901,Queens,Census Tract 849.01; Queens County; New York,3038.0,95551.0,45.9,1704.0,1669.0,2024,ACS 5-Year
36081084902,36,081,084902,Queens,Census Tract 849.02; Queens County; New York,3774.0,40901.0,51.1,1667.0,1823.0,2024,ACS 5-Year
36081085300,36,081,085300,Queens,Census Tract 853; Queens County; New York,4828.0,35985.0,58.1,1984.0,2034.0,2024,ACS 5-Year
36081085500,36,081,085500,Queens,Census Tract 855; Queens County; New York,5807.0,42611.0,46.7,2507.0,1783.0,2024,ACS 5-Year
36081085700,36,081,085700,Queens,Census Tract 857; Queens County; New York,5814.0,54914.0,50.7,2876.0,1730.0,2024,ACS 5-Year
36081085900,36,081,085900,Queens,Census Tract 859; Queens County; New York,5586.0,60460.0,50.9,2806.0,1453.0,2024,ACS 5-Year
36081086100,36,081,086100,Queens,Census Tract 861; Queens County; New York,2007.0,42026.0,52.5,793.0,1642.0,2024,ACS 5-Year
36081086300,36,081,086300,Queens,Census Tract 863; Queens County; New York,7479.0,53839.0,49.7,4001.0,1732.0,2024,ACS 5-Year
36081086400,36,081,086400,Queens,Census Tract 864; Queens County; New York,2884.0,128398.0,40.5,1453.0,1663.0,2024,ACS 5-Year
36081086500,36,081,086500,Queens,Census Tract 865; Queens County; New York,4679.0,65433.0,50.9,2639.0,1921.0,2024,ACS 5-Year
36081086900,36,081,086900,Queens,Census Tract 869; Queens County; New York,1980.0,95469.0,43.2,1276.0,1941.0,2024,ACS 5-Year
36081087100,36,081,087100,Queens,Census Tract 871; Queens County; New York,5400.0,52250.0,37.2,2820.0,1629.0,2024,ACS 5-Year
36081088400,36,081,088400,Queens,Census Tract 884; Queens County; New York,8995.0,96806.0,51.3,3190.0,2072.0,2024,ACS 5-Year
36081088902,36,081,088902,Queens,Census Tract 889.02; Queens County; New York,6357.0,59200.0,48.4,3324.0,1159.0,2024,ACS 5-Year
36081088903,36,081,088903,Queens,Census Tract 889.03; Queens County; New York,4707.0,53393.0,51.5,1907.0,1184.0,2024,ACS 5-Year
36081089201,36,081,089201,Queens,Census Tract 892.01; Queens County; New York,9116.0,155291.0,42.8,3459.0,2178.0,2024,ACS 5-Year
36081089202,36,081,089202,Queens,Census Tract 892.02; Queens County; New York,0.0,,,0.0,,2024,ACS 5-Year
36081090700,36,081,090700,Queens,Census Tract 907; Queens County; New York,1533.0,101023.0,45.8,598.0,2117.0,2024,ACS 5-Year
36081091602,36,081,091602,Queens,Census Tract 916.02; Queens County; New York,16.0,,54.3,16.0,,2024,ACS 5-Year
36081091603,36,081,091603,Queens,Census Tract 916.03; Queens County; New York,4413.0,122443.0,51.8,2038.0,,2024,ACS 5-Year
36081091604,36,081,091604,Queens,Census Tract 916.04; Queens County; New York,0.0,,,0.0,,2024,ACS 5-Year
36081091800,36,081,091800,Queens,Census Tract 918; Queens County; New York,8.0,,,4.0,,2024,ACS 5-Year
36081091900,36,081,091900,Queens,Census Tract 919; Queens County; New York,5235.0,106612.0,46.9,1920.0,1853.0,2024,ACS 5-Year
36081092200,36,081,092200,Queens,Census Tract 922; Queens County; New York,2338.0,175682.0,40.5,1045.0,2372.0,2024,ACS 5-Year
36081092500,36,081,092500,Queens,Census Tract 925; Queens County; New York,3799.0,64107.0,40.6,1618.0,1895.0,2024,ACS 5-Year
36081092800,36,081,092800,Queens,Census Tract 928; Queens County; New York,3341.0,162798.0,49.2,1354.0,1664.0,2024,ACS 5-Year
36081092900,36,081,092900,Queens,Census Tract 929; Queens County; New York,7003.0,112324.0,40.1,3591.0,2430.0,2024,ACS 5-Year
36081093401,36,081,093401,Queens,Census Tract 934.01; Queens County; New York,4231.0,131471.0,41.3,1691.0,1872.0,2024,ACS 5-Year
36081093402,36,081,093402,Queens,Census Tract 934.02; Queens County; New York,4165.0,107371.0,42.0,2116.0,1838.0,2024,ACS 5-Year
36081093800,36,081,093800,Queens,Census Tract 938; Queens County; New York,5001.0,81573.0,49.6,2030.0,1711.0,2024,ACS 5-Year
36081093900,36,081,093900,Queens,Census Tract 939; Queens County; New York,5819.0,79471.0,35.5,2696.0,2573.0,2024,ACS 5-Year
36081094201,36,081,094201,Queens,Census Tract 942.01; Queens County; New York,3533.0,75966.0,43.7,1452.0,1691.0,2024,ACS 5-Year
36081094202,36,081,094202,Queens,Census Tract 942.02; Queens County; New York,5623.0,56800.0,34.2,2062.0,1170.0,2024,ACS 5-Year
36081094203,36,081,094203,Queens,Census Tract 942.03; Queens County; New York,5730.0,48482.0,53.9,1992.0,1076.0,2024,ACS 5-Year
36081094500,36,081,094500,Queens,Census Tract 945; Queens County; New York,3958.0,79406.0,52.3,1720.0,2598.0,2024,ACS 5-Year
36081094700,36,081,094700,Queens,Census Tract 947; Queens County; New York,2773.0,85819.0,36.9,1246.0,1898.0,2024,ACS 5-Year
36081095400,36,081,095400,Queens,Census Tract 954; Queens County; New York,7184.0,82053.0,32.4,3044.0,2115.0,2024,ACS 5-Year
36081096400,36,081,096400,Queens,Census Tract 964; Queens County; New York,6865.0,89432.0,37.4,3259.0,1960.0,2024,ACS 5-Year
36081097202,36,081,097202,Queens,Census Tract 972.02; Queens County; New York,3479.0,22500.0,25.0,603.0,1207.0,2024,ACS 5-Year
36081097204,36,081,097204,Queens,Census Tract 972.04; Queens County; New York,4254.0,73180.0,45.6,1367.0,1100.0,2024,ACS 5-Year
36081097205,36,081,097205,Queens,Census Tract 972.05; Queens County; New York,3318.0,21295.0,28.7,1119.0,662.0,2024,ACS 5-Year
36081097206,36,081,097206,Queens,Census Tract 972.06; Queens County; New York,2635.0,34679.0,53.4,1044.0,1065.0,2024,ACS 5-Year
36081097207,36,081,097207,Queens,Census Tract 972.07; Queens County; New York,0.0,,,0.0,,2024,ACS 5-Year
36081097300,36,081,097300,Queens,Census Tract 973; Queens County; New York,2116.0,86008.0,53.3,968.0,2171.0,2024,ACS 5-Year
36081098100,36,081,098100,Queens,Census Tract 981; Queens County; New York,2486.0,129250.0,45.6,1230.0,2125.0,2024,ACS 5-Year
36081098700,36,081,098700,Queens,Census Tract 987; Queens County; New York,2591.0,105313.0,46.5,1377.0,2000.0,2024,ACS 5-Year
36081099100,36,081,099100,Queens,Census Tract 991; Queens County; New York,7613.0,110250.0,52.7,3169.0,2093.0,2024,ACS 5-Year
36081099200,36,081,099200,Queens,Census Tract 992; Queens County; New York,4359.0,36736.0,33.1,1351.0,1492.0,2024,ACS 5-Year
36081099701,36,081,099701,Queens,Census Tract 997.01; Queens County; New York,2507.0,93368.0,51.9,989.0,2602.0,2024,ACS 5-Year
36081099703,36,081,099703,Queens,Census Tract 997.03; Queens County; New York,3931.0,122188.0,49.9,1962.0,3207.0,2024,ACS 5-Year
36081099704,36,081,099704,Queens,Census Tract 997.04; Queens County; New York,7118.0,87323.0,58.0,2747.0,2068.0,2024,ACS 5-Year
36081099705,36,081,099705,Queens,Census Tract 997.05; Queens County; New York,2813.0,117283.0,51.2,1420.0,2954.0,2024,ACS 5-Year
36081099801,36,081,099801,Queens,Census Tract 998.01; Queens County; New York,9023.0,70278.0,46.3,4128.0,1793.0,2024,ACS 5-Year
36081099802,36,081,099802,Queens,Census Tract 998.02; Queens County; New York,5375.0,41654.0,50.1,1944.0,1246.0,2024,ACS 5-Year
36081099900,36,081,099900,Queens,Census Tract 999; Queens County; New York,0.0,,,0.0,,2024,ACS 5-Year
36081100801,36,081,100801,Queens,Census Tract 1008.01; Queens County; New York,2911.0,136800.0,42.2,1362.0,,2024,ACS 5-Year
36081100803,36,081,100803,Queens,Census Tract 1008.03; Queens County; New York,4732.0,46534.0,34.6,1762.0,947.0,2024,ACS 5-Year
36081100804,36,081,100804,Queens,Census Tract 1008.04; Queens County; New York,5308.0,106235.0,32.2,2138.0,2048.0,2024,ACS 5-Year
36081101002,36,081,101002,Queens,Census Tract 1010.02; Queens County; New York,6112.0,77188.0,24.6,1699.0,1089.0,2024,ACS 5-Year
36081101003,36,081,101003,Queens,Census Tract 1010.03; Queens County; New York,4533.0,72254.0,38.1,1521.0,1400.0,2024,ACS 5-Year
36081101004,36,081,101004,Queens,Census Tract 1010.04; Queens County; New York,6314.0,48236.0,43.1,2169.0,1274.0,2024,ACS 5-Year
36081101700,36,081,101700,Queens,Census Tract 1017; Queens County; New York,6826.0,110572.0,49.2,2470.0,2658.0,2024,ACS 5-Year
36081102900,36,081,102900,Queens,Census Tract 1029; Queens County; New York,3814.0,102972.0,44.5,1828.0,2393.0,2024,ACS 5-Year
36081103201,36,081,103201,Queens,Census Tract 1032.01; Queens County; New York,6296.0,50123.0,26.7,2275.0,1630.0,2024,ACS 5-Year
36081103202,36,081,103202,Queens,Census Tract 1032.02; Queens County; New York,7864.0,77069.0,27.8,3204.0,1777.0,2024,ACS 5-Year
36081103300,36,081,103300,Queens,Census Tract 1033; Queens County; New York,4387.0,123810.0,49.4,2183.0,2261.0,2024,ACS 5-Year
36081103900,36,081,103900,Queens,Census Tract 1039; Queens County; New York,6540.0,76587.0,40.0,2313.0,2446.0,2024,ACS 5-Year
36081104700,36,081,104700,Queens,Census Tract 1047; Queens County; New York,6679.0,66683.0,55.4,3252.0,2146.0,2024,ACS 5-Year
36081105900,36,081,105900,Queens,Census Tract 1059; Queens County; New York,3641.0,109000.0,47.3,1733.0,1875.0,2024,ACS 5-Year
36081107201,36,081,107201,Queens,Census Tract 1072.01; Queens County; New York,2294.0,111354.0,50.6,1008.0,1746.0,2024,ACS 5-Year
36081107202,36,081,107202,Queens,Census Tract 1072.02; Queens County; New York,0.0,,,0.0,,2024,ACS 5-Year
36081108500,36,081,108500,Queens,Census Tract 1085; Queens County; New York,2795.0,71111.0,53.8,1244.0,1984.0,2024,ACS 5-Year
36081109300,36,081,109300,Queens,Census Tract 1093; Queens County; New York,2899.0,125536.0,50.4,1153.0,1855.0,2024,ACS 5-Year
36081109700,36,081,109700,Queens,Census Tract 1097; Queens County; New York,1900.0,134145.0,43.2,980.0,2773.0,2024,ACS 5-Year
36081109900,36,081,109900,Queens,Census Tract 1099; Queens County; New York,3398.0,96250.0,40.6,1436.0,2433.0,2024,ACS 5-Year
36081111300,36,081,111300,Queens,Census Tract 1113; Queens County; New York,2714.0,143917.0,40.2,1243.0,2497.0,2024,ACS 5-Year
36081112300,36,081,112300,Queens,Census Tract 1123; Queens County; New York,2341.0,93194.0,38.1,1126.0,2210.0,2024,ACS 5-Year
36081112900,36,081,112900,Queens,Census Tract 1129; Queens County; New York,2204.0,104688.0,48.0,1037.0,2591.0,2024,ACS 5-Year
36081113300,36,081,113300,Queens,Census Tract 1133; Queens County; New York,1428.0,111094.0,45.4,763.0,2200.0,2024,ACS 5-Year
36081113900,36,081,113900,Queens,Census Tract 1139; Queens County; New York,4051.0,85485.0,41.1,1991.0,1942.0,2024,ACS 5-Year
36081114100,36,081,114100,Queens,Census Tract 1141; Queens County; New York,2458.0,121579.0,48.1,1166.0,2321.0,2024,ACS 5-Year
36081114700,36,081,114700,Queens,Census Tract 1147; Queens County; New York,1854.0,102135.0,46.3,905.0,2504.0,2024,ACS 5-Year
36081115100,36,081,115100,Queens,Census Tract 1151; Queens County; New York,982.0,108542.0,56.0,483.0,3250.0,2024,ACS 5-Year
36081115500,36,081,115500,Queens,Census Tract 1155; Queens County; New York,2189.0,109063.0,39.5,1022.0,1843.0,2024,ACS 5-Year
36081115700,36,081,115700,Queens,Census Tract 1157; Queens County; New York,3136.0,64153.0,45.4,1480.0,2121.0,2024,ACS 5-Year
36081115900,36,081,115900,Queens,Census Tract 1159; Queens County; New York,3888.0,61776.0,49.4,1952.0,1820.0,2024,ACS 5-Year
36081116100,36,081,116100,Queens,Census Tract 1161; Queens County; New York,3624.0,43417.0,55.0,1511.0,1641.0,2024,ACS 5-Year
36081116301,36,081,116301,Queens,Census Tract 1163.01; Queens County; New York,4331.0,65526.0,48.6,2379.0,1665.0,2024,ACS 5-Year
36081116302,36,081,116302,Queens,Census Tract 1163.02; Queens County; New York,3687.0,53631.0,41.0,1128.0,1566.0,2024,ACS 5-Year
36081116700,36,081,116700,Queens,Census Tract 1167; Queens County; New York,1892.0,62857.0,44.0,887.0,1844.0,2024,ACS 5-Year
36081117100,36,081,117100,Queens,Census Tract 1171; Queens County; New York,2525.0,78856.0,45.3,1269.0,1816.0,2024,ACS 5-Year
36081117500,36,081,117500,Queens,Census Tract 1175; Queens County; New York,4464.0,78098.0,36.5,2096.0,2122.0,2024,ACS 5-Year
36081118100,36,081,118100,Queens,Census Tract 1181; Queens County; New York,1952.0,100536.0,37.5,1124.0,2058.0,2024,ACS 5-Year
36081118500,36,081,118500,Queens,Census Tract 1185; Queens County; New York,1999.0,67277.0,41.7,1057.0,1931.0,2024,ACS 5-Year
36081118700,36,081,118700,Queens,Census Tract 1187; Queens County; New York,2507.0,71657.0,47.2,1126.0,1676.0,2024,ACS 5-Year
36081118900,36,081,118900,Queens,Census Tract 1189; Queens County; New York,2100.0,56446.0,44.8,1220.0,1777.0,2024,ACS 5-Year
36081119100,36,081,119100,Queens,Census Tract 1191; Queens County; New York,3222.0,68355.0,52.4,1565.0,2182.0,2024,ACS 5-Year
36081119300,36,081,119300,Queens,Census Tract 1193; Queens County; New York,2534.0,54273.0,45.3,949.0,1902.0,2024,ACS 5-Year
36081119500,36,081,119500,Queens,Census Tract 1195; Queens County; New York,1363.0,94010.0,42.0,639.0,2766.0,2024,ACS 5-Year
36081119900,36,081,119900,Queens,Census Tract 1199; Queens County; New York,1681.0,123519.0,46.4,796.0,,2024,ACS 5-Year
36081120100,36,081,120100,Queens,Census Tract 1201; Queens County; New York,1546.0,86125.0,50.2,747.0,1872.0,2024,ACS 5-Year
36081120300,36,081,120300,Queens,Census Tract 1203; Queens County; New York,1551.0,61000.0,42.8,786.0,2000.0,2024,ACS 5-Year
36081120500,36,081,120500,Queens,Census Tract 1205; Queens County; New York,2669.0,26563.0,45.2,1047.0,1116.0,2024,ACS 5-Year
36081120701,36,081,120701,Queens,Census Tract 1207.01; Queens County; New York,3132.0,115750.0,52.4,1685.0,2313.0,2024,ACS 5-Year
36081120702,36,081,120702,Queens,Census Tract 1207.02; Queens County; New York,0.0,,,0.0,,2024,ACS 5-Year
36081121100,36,081,121100,Queens,Census Tract 1211; Queens County; New York,0.0,,,0.0,,2024,ACS 5-Year
36081121500,36,081,121500,Queens,Census Tract 1215; Queens County; New York,4420.0,92412.0,40.9,2050.0,2252.0,2024,ACS 5-Year
36081122300,36,081,122300,Queens,Census Tract 1223; Queens County; New York,3166.0,96313.0,45.7,1524.0,2202.0,2024,ACS 5-Year
36081122702,36,081,122702,Queens,Census Tract 1227.02; Queens County; New York,6209.0,26161.0,37.5,2356.0,725.0,2024,ACS 5-Year
36081122703,36,081,122703,Queens,Census Tract 1227.03; Queens County; New York,5896.0,68089.0,49.5,2944.0,1357.0,2024,ACS 5-Year
36081122704,36,081,122704,Queens,Census Tract 1227.04; Queens County; New York,5015.0,82292.0,44.1,1906.0,2033.0,2024,ACS 5-Year
36081124100,36,081,124100,Queens,Census Tract 1241; Queens County; New York,3822.0,96560.0,46.0,1760.0,2549.0,2024,ACS 5-Year
36081124700,36,081,124700,Queens,Census Tract 1247; Queens County; New York,3911.0,118813.0,40.2,1836.0,2459.0,2024,ACS 5-Year
36081125700,36,081,125700,Queens,Census Tract 1257; Queens County; New York,3162.0,107125.0,49.0,1557.0,1716.0,2024,ACS 5-Year
36081126500,36,081,126500,Queens,Census Tract 1265; Queens County; New York,2085.0,146250.0,35.5,1074.0,2159.0,2024,ACS 5-Year
36081126700,36,081,126700,Queens,Census Tract 1267; Queens County; New York,4332.0,98000.0,20.2,1715.0,1850.0,2024,ACS 5-Year
36081127700,36,081,127700,Queens,Census Tract 1277; Queens County; New York,2980.0,119591.0,52.8,1448.0,3130.0,2024,ACS 5-Year
36081128300,36,081,128300,Queens,Census Tract 1283; Queens County; New York,0.0,,,0.0,,2024,ACS 5-Year
36081129102,36,081,129102,Queens,Census Tract 1291.02; Queens County; New York,3807.0,150263.0,40.8,1699.0,,2024,ACS 5-Year
36081129103,36,081,129103,Queens,Census Tract 1291.03; Queens County; New York,4179.0,79367.0,47.3,1759.0,2130.0,2024,ACS 5-Year
36081129104,36,081,129104,Queens,Census Tract 1291.04; Queens County; New York,4192.0,127303.0,42.1,2335.0,1888.0,2024,ACS 5-Year
36081130100,36,081,130100,Queens,Census Tract 1301; Queens County; New York,4044.0,94854.0,56.8,1525.0,1196.0,2024,ACS 5-Year
36081133300,36,081,133300,Queens,Census Tract 1333; Queens County; New York,3886.0,138602.0,41.1,2116.0,2274.0,2024,ACS 5-Year
36081133900,36,081,133900,Queens,Census Tract 1339; Queens County; New York,1429.0,129934.0,50.6,550.0,,2024,ACS 5-Year
36081134100,36,081,134100,Queens,Census Tract 1341; Queens County; New York,2857.0,59033.0,53.9,1499.0,,2024,ACS 5-Year
36081134701,36,081,134701,Queens,Census Tract 1347.01; Queens County; New York,4809.0,92125.0,36.8,2331.0,2151.0,2024,ACS 5-Year
36081134702,36,081,134702,Queens,Census Tract 1347.02; Queens County; New York,4532.0,84031.0,38.0,2395.0,2171.0,2024,ACS 5-Year
36081136700,36,081,136700,Queens,Census Tract 1367; Queens County; New York,5903.0,82139.0,50.9,2618.0,2376.0,2024,ACS 5-Year
36081137700,36,081,137700,Queens,Census Tract 1377; Queens County; New York,6759.0,99140.0,47.9,3422.0,2163.0,2024,ACS 5-Year
36081138501,36,081,138501,Queens,Census Tract 1385.01; Queens County; New York,4189.0,92132.0,39.2,2067.0,3328.0,2024,ACS 5-Year
36081138502,36,081,138502,Queens,Census Tract 1385.02; Queens County; New York,92.0,,22.9,9.0,,2024,ACS 5-Year
36081139900,36,081,139900,Queens,Census Tract 1399; Queens County; New York,1547.0,128000.0,48.9,753.0,3501.0,2024,ACS 5-Year
36081140300,36,081,140300,Queens,Census Tract 1403; Queens County; New York,2214.0,71842.0,53.4,1004.0,2471.0,2024,ACS 5-Year
36081140901,36,081,140901,Queens,Census Tract 1409.01; Queens County; New York,930.0,130281.0,46.1,370.0,,2024,ACS 5-Year
36081140902,36,081,140902,Queens,Census Tract 1409.02; Queens County; New York,2505.0,120208.0,49.0,1178.0,2127.0,2024,ACS 5-Year
36081141700,36,081,141700,Queens,Census Tract 1417; Queens County; New York,4300.0,76275.0,47.7,2062.0,2719.0,2024,ACS 5-Year
36081142900,36,081,142900,Queens,Census Tract 1429; Queens County; New York,3678.0,100864.0,48.3,1730.0,2105.0,2024,ACS 5-Year
36081143500,36,081,143500,Queens,Census Tract 1435; Queens County; New York,2343.0,121875.0,36.4,1140.0,3078.0,2024,ACS 5-Year
36081144100,36,081,144100,Queens,Census Tract 1441; Queens County; New York,3002.0,111410.0,46.3,1557.0,2366.0,2024,ACS 5-Year
36081144700,36,081,144700,Queens,Census Tract 1447; Queens County; New York,3470.0,94766.0,38.8,1560.0,2717.0,2024,ACS 5-Year
36081145101,36,081,145101,Queens,Census Tract 1451.01; Queens County; New York,1103.0,71154.0,50.6,500.0,2215.0,2024,ACS 5-Year
36081145102,36,081,145102,Queens,Census Tract 1451.02; Queens County; New York,2361.0,93523.0,51.3,1272.0,2691.0,2024,ACS 5-Year
36081145900,36,081,145900,Queens,Census Tract 1459; Queens County; New York,2781.0,125962.0,48.4,1533.0,2550.0,2024,ACS 5-Year
36081146300,36,081,146300,Queens,Census Tract 1463; Queens County; New York,2934.0,87244.0,40.6,1391.0,2198.0,2024,ACS 5-Year
36081146700,36,081,146700,Queens,Census Tract 1467; Queens County; New York,2762.0,106538.0,44.9,1712.0,2175.0,2024,ACS 5-Year
36081147100,36,081,147100,Queens,Census Tract 1471; Queens County; New York,3810.0,106615.0,40.5,1784.0,2619.0,2024,ACS 5-Year
36081147900,36,081,147900,Queens,Census Tract 1479; Queens County; New York,4249.0,92045.0,52.5,2185.0,2274.0,2024,ACS 5-Year
36081148300,36,081,148300,Queens,Census Tract 1483; Queens County; New York,2974.0,178509.0,59.0,1303.0,1750.0,2024,ACS 5-Year
36081150701,36,081,150701,Queens,Census Tract 1507.01; Queens County; New York,3123.0,158875.0,48.4,1377.0,3501.0,2024,ACS 5-Year
36081150702,36,081,150702,Queens,Census Tract 1507.02; Queens County; New York,3134.0,107375.0,50.3,1335.0,2396.0,2024,ACS 5-Year
36081152901,36,081,152901,Queens,Census Tract 1529.01; Queens County; New York,5613.0,100909.0,51.5,2724.0,2171.0,2024,ACS 5-Year
36081152902,36,081,152902,Queens,Census Tract 1529.02; Queens County; New York,6530.0,129832.0,50.8,3557.0,3501.0,2024,ACS 5-Year
36081155101,36,081,155101,Queens,Census Tract 1551.01; Queens County; New York,2174.0,89931.0,78.8,493.0,2343.0,2024,ACS 5-Year
36081155103,36,081,155103,Queens,Census Tract 1551.03; Queens County; New York,4328.0,114526.0,44.7,2544.0,2012.0,2024,ACS 5-Year
36081155104,36,081,155104,Queens,Census Tract 1551.04; Queens County; New York,3239.0,88882.0,49.5,1355.0,2109.0,2024,ACS 5-Year
36081156700,36,081,156700,Queens,Census Tract 1567; Queens County; New York,1751.0,59722.0,47.2,566.0,2636.0,2024,ACS 5-Year
36081157101,36,081,157101,Queens,Census Tract 1571.01; Queens County; New York,8073.0,90575.0,54.6,3878.0,2222.0,2024,ACS 5-Year
36081157102,36,081,157102,Queens,Census Tract 1571.02; Queens County; New York,1840.0,118250.0,51.1,836.0,2174.0,2024,ACS 5-Year
36081157901,36,081,157901,Queens,Census Tract 1579.01; Queens County; New York,5064.0,133542.0,56.5,2726.0,2293.0,2024,ACS 5-Year
36081157902,36,081,157902,Queens,Census Tract 1579.02; Queens County; New York,3681.0,107153.0,57.6,1445.0,,2024,ACS 5-Year
36081157903,36,081,157903,Queens,Census Tract 1579.03; Queens County; New York,3671.0,127533.0,43.0,1856.0,1962.0,2024,ACS 5-Year
36081161700,36,081,161700,Queens,Census Tract 1617; Queens County; New York,4843.0,119688.0,48.7,2527.0,1893.0,2024,ACS 5-Year
36081162100,36,081,162100,Queens,Census Tract 1621; Queens County; New York,6340.0,121101.0,37.7,3408.0,1903.0,2024,ACS 5-Year
36081990100,36,081,990100,Queens,Census Tract 9901; Queens County; New York,0.0,,,0.0,,2024,ACS 5-Year
36085000300,36,085,000300,Staten Island,Census Tract 3; Richmond County; New York,1889.0,77981.0,38.7,1026.0,1486.0,2024,ACS 5-Year
36085000600,36,085,000600,Staten Island,Census Tract 6; Richmond County; New York,2568.0,34492.0,52.3,1032.0,1265.0,2024,ACS 5-Year
36085000700,36,085,000700,Staten Island,Census Tract 7; Richmond County; New York,5482.0,52813.0,29.5,1941.0,1257.0,2024,ACS 5-Year
36085000800,36,085,000800,Staten Island,Census Tract 8; Richmond County; New York,5178.0,91438.0,46.2,2488.0,1626.0,2024,ACS 5-Year
36085000900,36,085,000900,Staten Island,Census Tract 9; Richmond County; New York,2209.0,66208.0,36.0,948.0,1851.0,2024,ACS 5-Year
36085001100,36,085,001100,Staten Island,Census Tract 11; Richmond County; New York,4852.0,57368.0,30.0,1794.0,1806.0,2024,ACS 5-Year
36085001700,36,085,001700,Staten Island,Census Tract 17; Richmond County; New York,1638.0,64006.0,46.7,704.0,1760.0,2024,ACS 5-Year
36085001800,36,085,001800,Staten Island,Census Tract 18; Richmond County; New York,449.0,67273.0,26.7,98.0,2130.0,2024,ACS 5-Year
36085002001,36,085,002001,Staten Island,Census Tract 20.01; Richmond County; New York,2904.0,69620.0,53.4,1346.0,1764.0,2024,ACS 5-Year
36085002002,36,085,002002,Staten Island,Census Tract 20.02; Richmond County; New York,2727.0,66641.0,49.0,1529.0,1719.0,2024,ACS 5-Year
36085002100,36,085,002100,Staten Island,Census Tract 21; Richmond County; New York,5623.0,46667.0,35.4,2838.0,1679.0,2024,ACS 5-Year
36085002700,36,085,002700,Staten Island,Census Tract 27; Richmond County; New York,2627.0,45848.0,42.1,667.0,1933.0,2024,ACS 5-Year
36085002900,36,085,002900,Staten Island,Census Tract 29; Richmond County; New York,5495.0,50189.0,33.4,2143.0,609.0,2024,ACS 5-Year
36085003300,36,085,003300,Staten Island,Census Tract 33; Richmond County; New York,3821.0,95317.0,34.9,1708.0,1750.0,2024,ACS 5-Year
36085003600,36,085,003600,Staten Island,Census Tract 36; Richmond County; New York,2615.0,88929.0,35.0,1264.0,2250.0,2024,ACS 5-Year
36085003900,36,085,003900,Staten Island,Census Tract 39; Richmond County; New York,2215.0,103702.0,38.8,1150.0,2066.0,2024,ACS 5-Year
36085004001,36,085,004001,Staten Island,Census Tract 40.01; Richmond County; New York,2787.0,59962.0,56.1,1503.0,1742.0,2024,ACS 5-Year
36085004002,36,085,004002,Staten Island,Census Tract 40.02; Richmond County; New York,2411.0,74759.0,46.3,1439.0,1732.0,2024,ACS 5-Year
36085004003,36,085,004003,Staten Island,Census Tract 40.03; Richmond County; New York,3517.0,24896.0,32.2,1269.0,719.0,2024,ACS 5-Year
36085004004,36,085,004004,Staten Island,Census Tract 40.04; Richmond County; New York,3834.0,120497.0,37.2,2370.0,1529.0,2024,ACS 5-Year
36085004700,36,085,004700,Staten Island,Census Tract 47; Richmond County; New York,2941.0,108750.0,34.9,1256.0,1661.0,2024,ACS 5-Year
36085005000,36,085,005000,Staten Island,Census Tract 50; Richmond County; New York,4669.0,74890.0,42.5,2221.0,1633.0,2024,ACS 5-Year
36085005901,36,085,005901,Staten Island,Census Tract 59.01; Richmond County; New York,3062.0,95863.0,36.1,1455.0,1817.0,2024,ACS 5-Year
36085005902,36,085,005902,Staten Island,Census Tract 59.02; Richmond County; New York,0.0,,,0.0,,2024,ACS 5-Year
36085006400,36,085,006400,Staten Island,Census Tract 64; Richmond County; New York,3425.0,67946.0,41.4,1534.0,977.0,2024,ACS 5-Year
36085006700,36,085,006700,Staten Island,Census Tract 67; Richmond County; New York,3069.0,97432.0,39.2,1517.0,1424.0,2024,ACS 5-Year
36085007001,36,085,007001,Staten Island,Census Tract 70.01; Richmond County; New York,2739.0,78558.0,49.1,1195.0,1997.0,2024,ACS 5-Year
36085007002,36,085,007002,Staten Island,Census Tract 70.02; Richmond County; New York,5914.0,98574.0,44.6,3012.0,2287.0,2024,ACS 5-Year
36085007400,36,085,007400,Staten Island,Census Tract 74; Richmond County; New York,4854.0,78701.0,46.8,2125.0,927.0,2024,ACS 5-Year
36085007500,36,085,007500,Staten Island,Census Tract 75; Richmond County; New York,3150.0,81200.0,39.5,1315.0,1658.0,2024,ACS 5-Year
36085007700,36,085,007700,Staten Island,Census Tract 77; Richmond County; New York,1793.0,89961.0,31.6,887.0,1233.0,2024,ACS 5-Year
36085008100,36,085,008100,Staten Island,Census Tract 81; Richmond County; New York,4784.0,91274.0,49.9,1882.0,797.0,2024,ACS 5-Year
36085009601,36,085,009601,Staten Island,Census Tract 96.01; Richmond County; New York,4326.0,105670.0,43.2,1931.0,1572.0,2024,ACS 5-Year
36085009602,36,085,009602,Staten Island,Census Tract 96.02; Richmond County; New York,3800.0,89392.0,39.2,2207.0,1938.0,2024,ACS 5-Year
36085009701,36,085,009701,Staten Island,Census Tract 97.01; Richmond County; New York,4523.0,100996.0,33.4,2049.0,1734.0,2024,ACS 5-Year
36085009702,36,085,009702,Staten Island,Census Tract 97.02; Richmond County; New York,40.0,,64.8,21.0,,2024,ACS 5-Year
36085010500,36,085,010500,Staten Island,Census Tract 105; Richmond County; New York,5637.0,96607.0,36.7,2410.0,2013.0,2024,ACS 5-Year
36085011201,36,085,011201,Staten Island,Census Tract 112.01; Richmond County; New York,5411.0,92387.0,38.5,2641.0,2135.0,2024,ACS 5-Year
36085011203,36,085,011203,Staten Island,Census Tract 112.03; Richmond County; New York,7029.0,72935.0,42.1,2566.0,1904.0,2024,ACS 5-Year
36085011204,36,085,011204,Staten Island,Census Tract 112.04; Richmond County; New York,75.0,,30.6,56.0,,2024,ACS 5-Year
36085011401,36,085,011401,Staten Island,Census Tract 114.01; Richmond County; New York,2918.0,50878.0,46.6,1261.0,753.0,2024,ACS 5-Year
36085011402,36,085,011402,Staten Island,Census Tract 114.02; Richmond County; New York,3192.0,111058.0,41.0,1517.0,2220.0,2024,ACS 5-Year
36085012100,36,085,012100,Staten Island,Census Tract 121; Richmond County; New York,3134.0,202699.0,44.6,1590.0,,2024,ACS 5-Year
36085012200,36,085,012200,Staten Island,Census Tract 122; Richmond County; New York,4783.0,127824.0,33.6,1871.0,2249.0,2024,ACS 5-Year
36085012500,36,085,012500,Staten Island,Census Tract 125; Richmond County; New York,3229.0,138000.0,36.6,1751.0,1748.0,2024,ACS 5-Year
36085012804,36,085,012804,Staten Island,Census Tract 128.04; Richmond County; New York,4820.0,97624.0,43.7,2415.0,2425.0,2024,ACS 5-Year
36085012805,36,085,012805,Staten Island,Census Tract 128.05; Richmond County; New York,2384.0,134512.0,43.3,1272.0,1803.0,2024,ACS 5-Year
36085012806,36,085,012806,Staten Island,Census Tract 128.06; Richmond County; New York,6075.0,67857.0,42.3,2843.0,1903.0,2024,ACS 5-Year
36085013201,36,085,013201,Staten Island,Census Tract 132.01; Richmond County; New York,1657.0,117083.0,47.0,763.0,1833.0,2024,ACS 5-Year
36085013203,36,085,013203,Staten Island,Census Tract 132.03; Richmond County; New York,7305.0,102750.0,41.2,3473.0,1799.0,2024,ACS 5-Year
36085013204,36,085,013204,Staten Island,Census Tract 132.04; Richmond County; New York,4948.0,108447.0,45.9,2289.0,1708.0,2024,ACS 5-Year
36085013301,36,085,013301,Staten Island,Census Tract 133.01; Richmond County; New York,1176.0,33705.0,34.2,360.0,405.0,2024,ACS 5-Year
36085013302,36,085,013302,Staten Island,Census Tract 133.02; Richmond County; New York,3216.0,92070.0,31.1,1513.0,2105.0,2024,ACS 5-Year
36085013400,36,085,013400,Staten Island,Census Tract 134; Richmond County; New York,3868.0,93145.0,37.4,1618.0,1791.0,2024,ACS 5-Year
36085013800,36,085,013800,Staten Island,Census Tract 138; Richmond County; New York,6090.0,146975.0,49.4,2952.0,1938.0,2024,ACS 5-Year
36085014100,36,085,014100,Staten Island,Census Tract 141; Richmond County; New York,2554.0,92500.0,40.3,1217.0,1722.0,2024,ACS 5-Year
36085014604,36,085,014604,Staten Island,Census Tract 146.04; Richmond County; New York,7039.0,126950.0,38.8,3433.0,2195.0,2024,ACS 5-Year
36085014605,36,085,014605,Staten Island,Census Tract 146.05; Richmond County; New York,3724.0,148065.0,47.7,1956.0,2134.0,2024,ACS 5-Year
36085014606,36,085,014606,Staten Island,Census Tract 146.06; Richmond County; New York,6450.0,97247.0,42.3,2832.0,1659.0,2024,ACS 5-Year
36085014607,36,085,014607,Staten Island,Census Tract 146.07; Richmond County; New York,4754.0,130294.0,39.0,2247.0,1826.0,2024,ACS 5-Year
36085014608,36,085,014608,Staten Island,Census Tract 146.08; Richmond County; New York,3592.0,105625.0,47.2,1822.0,,2024,ACS 5-Year
36085014700,36,085,014700,Staten Island,Census Tract 147; Richmond County; New York,3367.0,123015.0,57.0,1640.0,1891.0,2024,ACS 5-Year
36085015100,36,085,015100,Staten Island,Census Tract 151; Richmond County; New York,5070.0,115769.0,44.6,2145.0,1618.0,2024,ACS 5-Year
36085015400,36,085,015400,Staten Island,Census Tract 154; Richmond County; New York,0.0,,,0.0,,2024,ACS 5-Year
36085015601,36,085,015601,Staten Island,Census Tract 156.01; Richmond County; New York,6214.0,112076.0,43.9,3175.0,1911.0,2024,ACS 5-Year
36085015602,36,085,015602,Staten Island,Census Tract 156.02; Richmond County; New York,3650.0,145682.0,41.5,1726.0,2185.0,2024,ACS 5-Year
36085015603,36,085,015603,Staten Island,Census Tract 156.03; Richmond County; New York,5417.0,102792.0,40.9,2621.0,2763.0,2024,ACS 5-Year
36085016901,36,085,016901,Staten Island,Census Tract 169.01; Richmond County; New York,3586.0,129583.0,32.9,1933.0,2544.0,2024,ACS 5-Year
36085017005,36,085,017005,Staten Island,Census Tract 170.05; Richmond County; New York,4526.0,100965.0,40.9,2373.0,1456.0,2024,ACS 5-Year
36085017007,36,085,017007,Staten Island,Census Tract 170.07; Richmond County; New York,6346.0,107003.0,36.7,2770.0,1845.0,2024,ACS 5-Year
36085017009,36,085,017009,Staten Island,Census Tract 170.09; Richmond County; New York,4880.0,124196.0,41.9,2023.0,2328.0,2024,ACS 5-Year
36085017011,36,085,017011,Staten Island,Census Tract 170.11; Richmond County; New York,4745.0,128933.0,40.8,2250.0,2450.0,2024,ACS 5-Year
36085017012,36,085,017012,Staten Island,Census Tract 170.12; Richmond County; New York,5363.0,126250.0,42.6,2550.0,1995.0,2024,ACS 5-Year
36085017013,36,085,017013,Staten Island,Census Tract 170.13; Richmond County; New York,4617.0,99914.0,43.6,1925.0,1722.0,2024,ACS 5-Year
36085017014,36,085,017014,Staten Island,Census Tract 170.14; Richmond County; New York,4141.0,112567.0,48.7,2210.0,1601.0,2024,ACS 5-Year
36085017015,36,085,017015,Staten Island,Census Tract 170.15; Richmond County; New York,3167.0,116923.0,39.7,1523.0,1665.0,2024,ACS 5-Year
36085017016,36,085,017016,Staten Island,Census Tract 170.16; Richmond County; New York,4461.0,104313.0,40.6,2399.0,1672.0,2024,ACS 5-Year
36085017300,36,085,017300,Staten Island,Census Tract 173; Richmond County; New York,2791.0,55114.0,39.4,1276.0,558.0,2024,ACS 5-Year
36085017600,36,085,017600,Staten Island,Census Tract 176; Richmond County; New York,5169.0,111786.0,40.0,2358.0,2520.0,2024,ACS 5-Year
36085017701,36,085,017701,Staten Island,Census Tract 177.01; Richmond County; New York,4246.0,131719.0,42.6,2034.0,2048.0,2024,ACS 5-Year
36085017702,36,085,017702,Staten Island,Census Tract 177.02; Richmond County; New York,2117.0,118743.0,49.6,1086.0,1935.0,2024,ACS 5-Year
36085018100,36,085,018100,Staten Island,Census Tract 181; Richmond County; New York,3599.0,98807.0,58.5,1152.0,1093.0,2024,ACS 5-Year
36085018701,36,085,018701,Staten Island,Census Tract 187.01; Richmond County; New York,1915.0,100903.0,35.2,872.0,1479.0,2024,ACS 5-Year
36085018703,36,085,018703,Staten Island,Census Tract 187.03; Richmond County; New York,3835.0,96642.0,42.3,1520.0,2245.0,2024,ACS 5-Year
36085018704,36,085,018704,Staten Island,Census Tract 187.04; Richmond County; New York,4659.0,145432.0,36.7,2127.0,368.0,2024,ACS 5-Year
36085018901,36,085,018901,Staten Island,Census Tract 189.01; Richmond County; New York,5814.0,136370.0,38.1,2534.0,2650.0,2024,ACS 5-Year
36085018902,36,085,018902,Staten Island,Census Tract 189.02; Richmond County; New York,5643.0,101700.0,32.0,2011.0,1759.0,2024,ACS 5-Year
36085019700,36,085,019700,Staten Island,Census Tract 197; Richmond County; New York,1975.0,111250.0,44.1,1113.0,1802.0,2024,ACS 5-Year
36085019800,36,085,019800,Staten Island,Census Tract 198; Richmond County; New York,7350.0,131496.0,43.3,3372.0,3501.0,2024,ACS 5-Year
36085020100,36,085,020100,Staten Island,Census Tract 201; Richmond County; New York,3356.0,116591.0,39.5,1537.0,1722.0,2024,ACS 5-Year
36085020701,36,085,020701,Staten Island,Census Tract 207.01; Richmond County; New York,3364.0,58495.0,33.0,1162.0,1550.0,2024,ACS 5-Year
36085020702,36,085,020702,Staten Island,Census Tract 207.02; Richmond County; New York,2928.0,46638.0,35.6,1133.0,2143.0,2024,ACS 5-Year
36085020803,36,085,020803,Staten Island,Census Tract 208.03; Richmond County; New York,7627.0,108076.0,36.7,3583.0,2009.0,2024,ACS 5-Year
36085020804,36,085,020804,Staten Island,Census Tract 208.04; Richmond County; New York,5124.0,104049.0,43.2,2102.0,1570.0,2024,ACS 5-Year
36085020805,36,085,020805,Staten Island,Census Tract 208.05; Richmond County; New York,6559.0,129939.0,41.1,2972.0,2100.0,2024,ACS 5-Year
36085020806,36,085,020806,Staten Island,Census Tract 208.06; Richmond County; New York,2533.0,98683.0,43.2,1237.0,1829.0,2024,ACS 5-Year
36085021300,36,085,021300,Staten Island,Census Tract 213; Richmond County; New York,5680.0,103992.0,36.6,2496.0,1907.0,2024,ACS 5-Year
36085022300,36,085,022300,Staten Island,Census Tract 223; Richmond County; New York,3263.0,64964.0,39.4,1293.0,1712.0,2024,ACS 5-Year
36085022601,36,085,022601,Staten Island,Census Tract 226.01; Richmond County; New York,7483.0,104385.0,40.4,3941.0,1791.0,2024,ACS 5-Year
36085022602,36,085,022602,Staten Island,Census Tract 226.02; Richmond County; New York,1373.0,,61.1,568.0,,2024,ACS 5-Year
36085022801,36,085,022801,Staten Island,Census Tract 228.01; Richmond County; New York,37.0,,56.6,26.0,,2024,ACS 5-Year
36085022802,36,085,022802,Staten Island,Census Tract 228.02; Richmond County; New York,0.0,,,0.0,,2024,ACS 5-Year
36085023100,36,085,023100,Staten Island,Census Tract 231; Richmond County; New York,4759.0,86589.0,40.4,1952.0,2094.0,2024,ACS 5-Year
36085023900,36,085,023900,Staten Island,Census Tract 239; Richmond County; New York,3108.0,66833.0,41.5,1562.0,2120.0,2024,ACS 5-Year
36085024401,36,085,024401,Staten Island,Census Tract 244.01; Richmond County; New York,6270.0,176363.0,38.8,3073.0,1667.0,2024,ACS 5-Year
36085024402,36,085,024402,Staten Island,Census Tract 244.02; Richmond County; New York,5013.0,131042.0,43.3,2350.0,1560.0,2024,ACS 5-Year
36085024700,36,085,024700,Staten Island,Census Tract 247; Richmond County; New York,2835.0,79833.0,35.2,1290.0,1639.0,2024,ACS 5-Year
36085024800,36,085,024800,Staten Island,Census Tract 248; Richmond County; New York,4769.0,131745.0,38.8,2357.0,2105.0,2024,ACS 5-Year
36085025100,36,085,025100,Staten Island,Census Tract 251; Richmond County; New York,6459.0,109494.0,39.5,2741.0,2092.0,2024,ACS 5-Year
36085027301,36,085,027301,Staten Island,Census Tract 273.01; Richmond County; New York,4494.0,116181.0,42.7,2314.0,1691.0,2024,ACS 5-Year
36085027302,36,085,027302,Staten Island,Census Tract 273.02; Richmond County; New York,4872.0,106979.0,25.7,1649.0,2275.0,2024,ACS 5-Year
36085027702,36,085,027702,Staten Island,Census Tract 277.02; Richmond County; New York,6161.0,88295.0,47.1,3176.0,2121.0,2024,ACS 5-Year
36085027704,36,085,027704,Staten Island,Census Tract 277.04; Richmond County; New York,5174.0,82315.0,40.7,1970.0,2008.0,2024,ACS 5-Year
36085027705,36,085,027705,Staten Island,Census Tract 277.05; Richmond County; New York,6119.0,99803.0,40.2,3078.0,1806.0,2024,ACS 5-Year
36085027706,36,085,027706,Staten Island,Census Tract 277.06; Richmond County; New York,3107.0,60781.0,41.5,1121.0,2006.0,2024,ACS 5-Year
36085027900,36,085,027900,Staten Island,Census Tract 279; Richmond County; New York,2148.0,167934.0,48.8,799.0,1422.0,2024,ACS 5-Year
36085029102,36,085,029102,Staten Island,Census Tract 291.02; Richmond County; New York,3355.0,123393.0,35.2,1801.0,2071.0,2024,ACS 5-Year
36085029104,36,085,029104,Staten Island,Census Tract 291.04; Richmond County; New York,6879.0,97412.0,44.9,3035.0,2013.0,2024,ACS 5-Year
36085029105,36,085,029105,Staten Island,Census Tract 291.05; Richmond County; New York,4467.0,118597.0,39.9,2140.0,2314.0,2024,ACS 5-Year
36085029106,36,085,029106,Staten Island,Census Tract 291.06; Richmond County; New York,2845.0,75347.0,41.2,1033.0,1732.0,2024,ACS 5-Year
36085030301,36,085,030301,Staten Island,Census Tract 303.01; Richmond County; New York,5384.0,118913.0,44.7,2896.0,1640.0,2024,ACS 5-Year
36085030302,36,085,030302,Staten Island,Census Tract 303.02; Richmond County; New York,6123.0,89917.0,43.2,2860.0,2103.0,2024,ACS 5-Year
36085031901,36,085,031901,Staten Island,Census Tract 319.01; Richmond County; New York,3948.0,51743.0,31.5,1332.0,523.0,2024,ACS 5-Year
36085031902,36,085,031902,Staten Island,Census Tract 319.02; Richmond County; New York,4657.0,92083.0,40.7,2062.0,961.0,2024,ACS 5-Year
36085032300,36,085,032300,Staten Island,Census Tract 323; Richmond County; New York,1030.0,79688.0,45.0,578.0,2461.0,2024,ACS 5-Year
36085990100,36,085,990100,Staten Island,Census Tract 9901; Richmond County; New York,0.0,,,0.0,,2024,ACS 5-Year
